content,created_at,like_num,location,emotion
别纠结再过十八年后，国内只要孩子愿意读书，大学几乎可以随便上，人口生源暴跌是什么概念？大家拭目以待吧,2023-06-09,0,来自贵州,中性
那时候医学分数就不低啊[笑cry],2023-06-09,0,来自四川,中性
大庆石油学院竟然跟哈工程一样！工大才高一分！😱,2023-06-09,0,来自黑龙江,中性
[赞],2023-06-09,0,来自贵州,积极
99年是我从华东船院毕业的那年[嘻嘻],2023-06-09,0,来自广东,中性
我西南政法如今确实是没落了,2023-06-09,0,来自四川,中性
@啊哈哈哈哈哈syt,2023-06-09,0,来自上海,中性
我学校竟然和厦大一样[苦涩],2023-06-09,0,来自江西,中性
现在这总分150分都能上大专，我们98年近500分，连个大专的毛都摸不上[泪],2023-06-09,1,来自陕西,中性
不是烟台大学祖坟冒青烟了？？？？[疑问],2023-06-09,0,来自山东,中性
北大580 清华 590 [允悲] 不对吧。 这两个学校必须600多,2023-06-08,0,来自天津,中性
那时候获取信息的手段太少了，基本上啥也不懂，否则99年应该可以报个更好的学校和专业,2023-06-08,0,来自陕西,中性
为什么我的评论不上榜？太黑了！,2023-06-08,0,来自陕西,消极
我98年高考的，快500分连个大专都上不了[泪]啥世道嘛，现在这大专200来分随便上……,2023-06-08,0,来自陕西,中性
我98年参加高考的，考了快500分，却连个大专都上不了[泪]，这啥世道嘛，现在这二三百分都能上大专…,2023-06-08,0,来自陕西,中性
那一年数学大题直接把我心态考蹦了……然后语文练了那么久的八股文直接来个“如果记忆可以移植”文体不限给整不会了放飞成了科幻小说[允悲],2023-06-08,0,来自重庆,消极
当年我们华理分数高过南航，接近华师大，现在没落了[汗],2023-06-08,0,来自天津,中性
@我是谭小煜skr,2023-06-08,0,来自上海,中性
填了志愿再出分，那时估分不准确就哦呵了,2023-06-08,0,来自广西,中性
曾经的湘潭大学分那么高,2023-06-08,0,来自湖南,中性
估分真是………给爷整不会了，当时拿的巨大块的橡皮记自己的选项,2023-06-08,0,来自河南,中性
这是你同事找到的？哈哈哈[哈哈][哈哈][哈哈][哈哈][哈哈],2023-06-08,0,来自广东,中性
我们都是546，你考上了哈尔滨工程大学，我考上了华东船舶工业学院，我们一起去江南造船去造大船[送花花][送花花][送花花],2023-06-08,0,来自江苏,积极
看到我们学校了，没想到当年还挺厉害,2023-06-08,0,来自上海,积极
烟台大学的录取分数线真是吊炸天了[允悲],2023-06-08,0,来自山东,消极
这一批学生高考的时候我正好毕业,2023-06-08,0,来自黑龙江,中性
炸出好多当年的学霸，评论区一片和谐，真好啊，难得见到不吵架的评论区。,2023-06-08,0,来自湖北,中性
99年大面积扩招了。,2023-06-08,0,来自山东,中性
@芋球咕噜咕噜滚啊滚 你们那,2023-06-08,0,来自北京,中性
那时的我还没出生,2023-06-08,0,来自河北,中性
[good],2023-06-07,0,来自山东,积极
之前文科好考，后来文科狗都不考,2023-06-07,0,来自湖南,消极
[思考],2023-06-07,0,来自中国,中性
[good][good][good],2023-06-07,0,来自河南,积极
先自己估分，再填志愿，感觉更合理，优秀学生分到各学校相对均衡一些,2023-06-07,0,来自广东,中性
97 年高考的在此,2023-06-07,0,来自江苏,中性
哈工程533,2023-06-07,0,来自安徽,中性
那时我分数够的，但是被比我低分的人挤掉了，很黑吧！,2023-06-07,0,来自江苏,消极
清北那么低？,2023-06-07,0,来自甘肃,中性
这些人的孩子今年高考,2023-06-07,0,来自江苏,中性
...,2023-06-07,0,来自重庆,中性
跟现在相比，考大学比以前容易了，考好大学比以前更难了,2023-06-07,0,来自河南,中性
南大比清华分数都高,2023-06-07,0,来自山东,中性
那时候的文科比理科低，现在文科比理科高好多，心疼[泪],2023-06-07,0,来自西藏,消极
那时候报纸真敢印，排第一居然不是清北？,2023-06-07,0,来自河南,消极
扩招第一届,2023-06-07,0,来自辽宁,中性
[doge]9岁,2023-06-07,0,来自吉林,中性
虽然不是那一届的，汕头大学的分数好高，大冤种。,2023-06-07,0,来自广东,中性
作为江苏考生，那年真魔幻，我数学考砸了，直接不及格，其他也发挥不好，第二场就开始发烧，几乎靠肌肉记忆完成考试，分数勉强过了一本线，然而那年清北竟然在江苏没招满，二线保底学校反而扎堆出高分。唉，不堪回首。,2023-06-07,0,来自上海,消极
多点2000年以前的录取信息嘛，挺有意思的,2023-06-06,0,来自四川,中性
原来那时候我校比湖南大学文科线高20+分,2023-06-06,0,来自辽宁,中性
👍,2023-06-06,0,来自江苏,中性
我1998年考的,2023-06-06,0,来自内蒙古,中性
理科比文科高[黑线],2023-06-06,0,来自上海,中性
清华的分数那么低？哈哈,2023-06-06,0,来自四川,中性
山西的大学一个没有[泪],2023-06-06,0,来自陕西,中性
我老公那年[挖鼻],2023-06-06,0,来自江苏,中性
我就是这一批学生[允悲][允悲][允悲]今年已经毕业20年了,2023-06-06,1,来自河北,中性
建筑老八校[吐],2023-06-06,0,来自陕西,中性
我96年高考的，录了一个大专。但怎么不记得考多少分了[允悲]你们是怎么记得这么多年的？[笑cry],2023-06-06,0,来自江西,中性
曾经我也在我们省的报纸上看到的录取信息，那心情无法形容！,2023-06-06,0,来自广东,中性
清北这么低？？,2023-06-06,0,来自陕西,消极
哪时候高中玩了三年，考了521分，刚好差几分,2023-06-06,0,来自河南,中性
西建大当时和浙大一个分数段，现在差了一百多分。,2023-06-06,0,来自陕西,中性
还是能看出点东西的[doge],2023-06-06,0,来自江苏,中性
当年很多人不是差在分数上，是差在估分上。,2023-06-05,0,来自山西,消极
[失望][失望][失望],2023-06-05,0,来自安徽,消极
报东大的分不低呀,2023-06-05,0,来自上海,中性
果然是老黄历了,2023-06-05,0,来自上海,中性
[失望],2023-06-05,0,来自甘肃,消极
中国金融学院现在还有吗？[允悲],2023-06-05,0,来自天津,中性
就是我们那年,2023-06-05,0,来自北京,积极
复旦哈工大分数偏低[允悲],2023-06-05,0,来自安徽,消极
曾几何时 河海还算是凑合能看的学校[允悲],2023-06-05,0,来自天津,中性
我2000年上的大学，看到这报纸好亲切[微笑],2023-06-05,0,来自江苏,中性
感慨万分,2023-06-05,0,来自浙江,消极
我那年还有录取名单登报纸。我跑到我姐姐单位去找报纸，好像是北京日报，因为一般报摊没有这种报纸。我姐单位的顾客还围观我，祝贺我考上大学。,2023-06-05,0,来自北京,积极
一本线546号哈哈哈哈哈哈,2023-06-05,0,来自江苏,中性
回忆满满，正是我的高考年。[允悲],2023-06-05,0,来自江苏,中性
这天我刚出生哎[举手][举手],2023-06-05,0,来自浙江,中性
我那年中考[允悲],2023-06-05,0,来自四川,中性
真幸福呀，这分数线真低，我高考那年山大在山东的分数线是630多[允悲],2023-06-05,0,来自江西,消极
99级的路过,2023-06-05,0,来自江苏,中性
我就想问你们公司还招人不？,2023-06-05,0,来自广东,中性
那会毛都不懂，报了个同济，差了几十。只好回去复了一年,2023-06-05,0,来自江苏,中性
徐医当年赢麻了[泪],2023-06-05,0,来自江苏,积极
[微笑][汗][汗],2023-06-05,0,来自广西,中性
唉，时代在进步，分数在暴涨[泪],2023-06-05,0,来自山东,消极
.,2023-06-05,0,来自宁夏,中性
为什么以前是理科分数线高，现在文科分数线高。是时代不一样了？,2023-06-05,0,来自江苏,中性
这一年我刚出生[可爱][可爱],2023-06-05,0,来自重庆,中性
现在都是文科分数线比理科高,2023-06-05,0,来自云南,中性
99年，我还上小学了,2023-06-05,0,来自河南,中性
这年我刚刚上大二[允悲],2023-06-05,0,来自上海,中性
6,2023-06-05,0,来自广东,中性
居然有汕头大学，这大学历史悠久啊[嘻嘻],2023-06-05,0,来自广东,中性
，,2023-06-04,0,来自辽宁,中性
这分现在在河北连专科都考不上[doge],2023-06-04,0,来自广东,消极
扩招的第一年……,2023-06-04,0,来自北京,中性
02级的路过，当年526也没上到好大学,2023-06-04,0,来自江苏,消极
青岛海洋大学到底是啥,2023-06-04,0,来自江苏,中性
546估计是重点大学的起点线。哈工大分数真低[允悲],2023-06-04,0,来自安徽,消极
学校现在叫，江苏大学,2023-06-04,0,来自江苏,中性
那时候考上大学的真的都是佼佼者呀,2023-06-04,0,来自广西,中性
清华那年那么低？,2023-06-04,0,来自上海,中性
那年江苏本科分数线多少？,2023-06-04,0,来自上海,中性
曾几何时，北大也是压着清华的,2023-06-04,0,来自广东,中性
[羞嗒嗒][思考],2023-06-04,0,来自江苏,中性
10年上大学南航也排第三，现在已经不知道去哪了……[怒],2023-06-04,0,来自江苏,中性
那时候分数低,2023-06-04,0,来自安徽,中性
不要惊讶，那时候题是很难的，考600 都很难的,2023-06-04,0,来自天津,消极
查查八十年代的成绩，吓死人，百里挑一,2023-06-04,0,来自陕西,消极
山东，我92年高考539分上了专科,2023-06-04,0,来自山东,中性
我们华科前身这么拽的吗？,2023-06-04,0,来自福建,中性
看到了石家庄铁道学院[开学季],2023-06-04,0,来自河北,中性
我598,2023-06-04,0,来自北京,中性
[good],2023-06-04,0,来自陕西,积极
500多，那会的总分多少？,2023-06-04,0,来自北京,中性
yzu祖上荣光,2023-06-04,0,来自江苏,中性
当年北体这么支棱吗[傻眼][吃惊],2023-06-04,0,来自湖北,中性
那个时候居然是立刻投档线高过文科，后面都是文科投档线比理科高[允悲][允悲][允悲][允悲],2023-06-04,0,来自江苏,中性
[doge],2023-06-04,0,来自浙江,中性
99 年是大学扩招的最后一年。,2023-06-04,0,来自湖北,中性
640分的我,2023-06-04,0,来自浙江,中性
00年的浙江，也是我的痛,2023-06-04,0,来自浙江,中性
河南高考真难啊，看看这分数线[doge],2023-06-04,0,来自陕西,消极
加油,2023-06-04,0,来自河南,积极
[微风],2023-06-04,0,来自北京,中性
心好痛，十多年前就差二百多分就能上个好大学了,2023-06-04,0,来自北京,消极
99年考五百多分多难啊,2023-06-04,0,来自天津,消极
666,2023-06-04,0,来自河北,中性
那时候我交录取还在北京第一梯队吧,2023-06-04,0,来自北京,中性
我还没出生[泪],2023-06-04,0,来自内蒙古,中性
[可爱],2023-06-04,0,来自广东,积极
华五啥也不是,2023-06-04,0,来自内蒙古,消极
可悲啊！竟然没有河南。。。。。,2023-06-04,0,来自河南,消极
大河南没有一所高校…,2023-06-04,0,来自福建,中性
也是我那年的,2023-06-04,0,来自江苏,积极
那年数学考的“减薄率”，当时数学考了89分，复读一年，数学考了81分唉😔,2023-06-04,1,来自广东,中性
那个时候江财和ncu分这么高吗[允悲],2023-06-04,0,来自江西,中性
有没有2000年的？,2023-06-04,0,来自江苏,中性
上医是所有学校里最高的[笑cry],2023-06-04,0,来自上海,中性
哎，那年学费还TM翻番了呢，麻蛋的,2023-06-04,0,来自辽宁,消极
所以那个时候很多高分考生去了普通大学，这也是一些普通大学也出了不少牛人的原因！现在很少出现这种情况了！,2023-06-03,0,来自湖北,中性
怎么清华北大的提档线这么低 比一些其他985都低。,2023-06-03,0,来自北京,中性
99年考的石油大学（北京）[泪],2023-06-03,0,来自北京,中性
高招回到以前才对。那才是含金量杠杠的。没现在这么多“高不成低不就”，学历高消费的。,2023-06-03,0,来自浙江,中性
97年的哪里有？[可爱],2023-06-03,0,来自浙江,中性
沈阳药科，沈阳农业，辽宁工程技术[doge],2023-06-03,0,来自辽宁,消极
那一年，我大三[允悲]，唏嘘,2023-06-03,0,来自浙江,中性
我才刚出生，这时候才一岁半,2023-06-03,0,来自湖北,中性
现在基本涨了100分,2023-06-03,0,来自天津,中性
看看当年川大比重大差远了[二哈][二哈][二哈],2023-06-03,0,来自重庆,中性
那时候的大学生个个都是栋梁吧,2023-06-03,0,来自湖北,中性
理科580 西北工业大学[允悲],2023-06-03,0,来自安徽,中性
那时候的上海高校是真的强，如今算是没落了吧,2023-06-03,0,来自上海,中性
唐山交大理科分这么高[笑cry],2023-06-03,0,来自河北,中性
我就是那一届的，原来你还很年轻啊,2023-06-03,0,来自山东,中性
我们东南曾经这么辉煌啊[笑cry],2023-06-03,0,来自江苏,中性
我儿子的学校那时候比川大才低几分，现在，大几十分了[允悲],2023-06-03,0,来自四川,中性
那年是江苏最后一届总分750，我就是那第二年的试验田[泪],2023-06-03,0,来自江苏,中性
笑死那也考不上[苦涩],2023-06-03,0,来自吉林,积极
现在的教育究竟是谁在破坏,2023-06-03,0,来自江苏,消极
[笑cry][笑cry][笑cry][笑cry]神奇的是，广东采用标准分。单科满分900分,2023-06-03,0,来自广东,中性
那年我大专门都没摸着，不过那也不影响我后天野性发展,2023-06-03,0,来自浙江,中性
有啥感慨的，我还是考不上[允悲],2023-06-03,0,来自吉林,中性
我们那一批两毛四已经不入眼了。,2023-06-03,0,来自广西,消极
我们学校东北农业大学，分数线高于南开、大连理工、东北大学[喵喵],2023-06-03,0,来自河北,中性
上海大学与清华北大都没太大差距吗？,2023-06-03,0,来自上海,中性
这个应该有收藏价值吧？,2023-06-03,0,来自湖北,中性
我是这批高考人群，北大清华我报了，没去上。[doge],2023-06-03,0,来自广东,中性
图片评论 http://t.cn/A6pq6Epp,2023-06-03,0,来自天津,中性
大连海事的表示：祖上阔过,2023-06-03,0,来自辽宁,中性
我是99年高考的，只是我是安徽的。,2023-06-03,0,来自安徽,中性
那会儿我才上小学,2023-06-03,0,来自湖北,中性
来的正好,2023-06-03,0,来自内蒙古,积极
[允悲]没想到啊，当年我硕士母校比本科母校高几十分，现在已经两极反转了,2023-06-03,0,来自陕西,消极
噩梦开始,2023-06-03,0,来自辽宁,消极
那时候包分配吗,2023-06-03,0,来自四川,中性
江西财经大学那么高分,2023-06-03,0,来自江西,中性
这年头，文科录取比理科分高太多,2023-06-03,0,来自安徽,中性
1999年 山东是标准分，那年考了559分 上了专科，令我们感到遗憾的是，一直不知道原始分数。,2023-06-03,1,来自天津,中性
那一年我出生[doge],2023-06-03,0,来自北京,中性
99年是扩招开始的第一年？那时候好像是全国统一试卷,2023-06-03,1,来自广东,中性
我就是那年的考生，可惜只考了500分,2023-06-03,0,来自四川,中性
我清楚的记得99高考作文题目，假如记忆可以移植！[咖啡],2023-06-03,1,来自江苏,中性
那会都是估分填志愿吧,2023-06-03,0,来自陕西,中性
我99年604，没有填到好志愿！农村人完全不懂，学校，专业，就业，人生！,2023-06-03,0,来自湖北,中性
居然文科比理科低,2023-06-03,0,来自浙江,中性
[doge],2023-06-03,0,来自湖南,中性
那个时候一批还没有那么多,2023-06-03,0,来自内蒙古,中性
，,2023-06-03,0,来自浙江,中性
当年我们河南也是高考完，先给三天估分报志愿。数学确实比98年高考难，所以第一志愿就不敢选择省外高校了，保守点儿最后选择了郑州大学，这样就做了郑大校友[笑cry]。 对，马上本科毕业要20年聚会啦[允悲],2023-06-03,0,来自北京,中性
教师，医生，律师三个热门专业分数也高,2023-06-03,0,来自北京,中性
为什么以前都是文科比理科低，现在是文科比理科高了,2023-06-03,0,来自湖南,中性
理科分数居然比文科还高,2023-06-03,0,来自安徽,中性
刚出生[doge],2023-06-03,0,来自广西,中性
[哇],2023-06-03,0,来自中国香港,中性
2000年有吗,2023-06-03,0,来自上海,中性
那个时候的东华大学，还叫纺大[哈哈],2023-06-02,0,来自上海,中性
我也99的，但我99出生的[单身狗][单身狗],2023-06-02,0,来自河北,中性
有没有大佬讲一讲，为什么之前文科录取分数线比理科要低啊？,2023-06-02,0,来自江苏,中性
支持你[并不简单],2023-06-02,0,来自山东,积极
我五岁,2023-06-02,0,来自山东,中性
中国政法的理科，何德何能啊[允悲][允悲],2023-06-02,0,来自北京,中性
辽宁工程技术大学也辉煌过,2023-06-02,0,来自辽宁,中性
02年高考的，差不多就是这个分数！,2023-06-02,0,来自江苏,中性
建筑老八校之一，越来越拉了[doge],2023-06-02,0,来自云南,中性
99年高考，99年上的大一,2023-06-02,0,来自辽宁,中性
湘潭大学文科比清华还高[允悲],2023-06-02,0,来自湖南,中性
我也是99年高考,2023-06-02,0,来自浙江,中性
武汉大学 529,2023-06-02,0,来自北京,中性
哈哈哈哈哈哈看到中传啦[春游家族],2023-06-02,0,来自北京,中性
从来不会估分的我，让我处于那个时代，估计我能捡漏[doge],2023-06-02,0,来自陕西,中性
同99年高考，看到了我们学校[太开心][太开心][太开心],2023-06-02,0,来自福建,积极
那一年财大和政法还没合并,2023-06-02,0,来自湖北,中性
1999,2023-06-02,0,来自北京,中性
555我人什么时候重回巅峰,2023-06-02,0,来自北京,消极
别说99年09年的拿出来都吊打现在战五渣成绩,2023-06-02,0,来自黑龙江,中性
95年参加高考[笑cry],2023-06-02,0,来自江苏,中性
向高考大省致敬[允悲],2023-06-02,0,来自四川,积极
华中科技大学当时的分数线真高啊,2023-06-02,0,来自江苏,中性
现在学生真的很辛苦，中考要考语数外史地生体育（算要算到中考成绩里），每天都是满负荷，在学校，在做题，在背书，但考试难得要死，学那么多，费那么多时间，结果考试那么难，为了什么？,2023-06-02,0,来自湖北,消极
放在当年我也是能上中山大学的，现在[允悲][允悲][允悲][允悲]嗐,2023-06-02,0,来自陕西,中性
这一年我正好高考[允悲],2023-06-02,0,来自湖南,中性
我就是这一届的，考了600多[允悲],2023-06-02,0,来自河南,中性
你们可能不明白江苏省不是全国卷，号称高考地狱，一分刷掉几万人[挖鼻][挖鼻],2023-06-02,0,来自江苏,消极
西安建筑科技大学分数这么高,2023-06-02,0,来自陕西,中性
我们那时候就三个专业，计算机，金融，生物+医学[允悲],2023-06-02,0,来自中国澳门,中性
数学，英语都爆了，不知道谁出的题[允悲],2023-06-02,0,来自中国澳门,中性
以前志愿盲头那真是要命哦，不知道分数，先填志愿[二哈][二哈][二哈],2023-06-02,0,来自福建,中性
这不是我们那一年吗[允悲][允悲][允悲],2023-06-02,0,来自中国澳门,消极
我在那个年代大学都考不上[允悲],2023-06-02,0,来自贵州,中性
那会儿还没我母校呢[允悲]但有我母校的前身，99年就是本一了，混成现在这样真是好惨一学校[允悲],2023-06-02,1,来自江苏,消极
那年开始扩招第一年。我是前一年考的大学。,2023-06-02,0,来自北京,中性
我们湘大居然这么高分,2023-06-02,0,来自广东,中性
[微笑],2023-06-02,0,来自江苏,中性
这个分数就是放在现在我也考不上[允悲][允悲],2023-06-02,0,来自山东,中性
01年参加高考。时光啊[允悲],2023-06-02,0,来自浙江,中性
竟然是我高考那年的[笑cry],2023-06-02,0,来自辽宁,中性
我是这一年的陕西考生,2023-06-02,0,来自陕西,中性
石铁要是不拉我也考不上[允悲],2023-06-02,0,来自河北,中性
我就是那一年高考的[笑cry],2023-06-02,0,来自河南,中性
"1996年我考了559分只上了个大专[泪]，还是托了人才上个河南的开封大学。当时我们省去的学生还要交10,000块钱的建校费。",2023-06-02,0,来自海南,中性
没一所河南的,2023-06-02,0,来自广东,中性
南京化工大学是不是现在的南京工业大学,2023-06-02,0,来自江苏,中性
请教张老师，报志愿和职业有关的书名是什么？买给中考完的男孩子看[举手],2023-06-02,0,来自山东,中性
这肯定是假的，好多学校在99年以后才改名的,2023-06-02,0,来自陕西,中性
二外和川大居然差不多[跪了],2023-06-02,0,来自四川,中性
11,2023-06-02,0,来自新疆,中性
居然没有郑州大学,2023-06-02,0,来自北京,消极
能找到河南的分享一下么？！,2023-06-02,0,来自河南,中性
我是那年考大学，612分，上了北中医,2023-06-02,0,来自北京,中性
这时候我还没出生呢,2023-06-02,0,来自吉林,中性
那时候文科录取分数线比理科低，现在相反了[泪],2023-06-02,0,来自湖南,中性
win，南理工比航砖🧱投档线高两分[doge],2023-06-02,0,来自江苏,中性
这不是我那年！,2023-06-02,0,来自北京,中性
以前理科线比文科高，现在...[doge],2023-06-02,0,来自安徽,中性
那时候，我的学校还很能打[泪],2023-06-02,0,来自黑龙江,中性
找找03年黑龙江的报纸,2023-06-02,0,来自北京,中性
为什么现在文科比理科分数线高那么多？？？是学的不一样吗,2023-06-02,0,来自河北,中性
那年清北没上海的高啊！,2023-06-02,0,来自上海,中性
哇 这年我文科考了589分 天津考生,2023-06-02,0,来自天津,中性
🤓心疼一下590+上山医的……扭头就被山大吃了,2023-06-02,0,来自山东,中性
原来我的分数过了北大分数线，也过了我的梦校复旦…不过也还好，去了家里人想我去的学校,2023-06-02,0,来自美国,积极
羡慕,2023-06-02,0,来自河北,积极
那年，我考了377,2023-06-02,0,来自江苏,中性
当年上海大学分那么高？！,2023-06-02,0,来自辽宁,中性
彪子也是90年代大学生啊[彩虹屁],2023-06-02,1,来自江苏,中性
四川高考荒漠，当年我考了510，然后没上本科。。,2023-06-02,0,来自四川,中性
清华[允悲],2023-06-02,0,来自山东,中性
北大584清华565中科大600[doge],2023-06-02,1,来自安徽,中性
东北农大比中国农大分还高[开学季],2023-06-02,0,来自黑龙江,中性
点赞,2023-06-02,0,来自广东,积极
已阅了,2023-06-02,0,来自江苏,中性
湘大比中南还高[doge],2023-06-02,0,来自浙江,中性
原来是同年高考啊，张老师,2023-06-02,0,来自陕西,中性
那时候的学生质量很高,2023-06-02,0,来自黑龙江,中性
[doge],2023-06-02,0,来自浙江,中性
"对比24年前, 现在高考已经卷到极致了@朗言言言言言 ",2023-06-02,0,来自上海,积极
我高中老师当时填了电子科技大学，结果当时电子科技大学当时招收走读，导致他没被录取,2023-06-02,0,来自四川,中性
我还没出生[允悲],2023-06-02,0,来自河南,中性
没读研的话，工作正好20年了！,2023-06-02,0,来自江苏,中性
还记得这年的高考作文题目[doge],2023-06-02,0,来自江苏,中性
那时候的分数线好低啊[裂开],2023-06-02,0,来自山东,消极
99年高考作文题，假如记忆可以移植[doge],2023-06-02,0,来自湖北,中性
whu当年真拉啊,2023-06-02,0,来自湖北,中性
没有上海理工，太惨了[污][doge],2023-06-02,0,来自湖南,消极
99开始扩招，也开始先考后报志愿。我是98。,2023-06-02,0,来自江苏,中性
吉林工业大学，哈尔滨建筑大学我都没听过[笑cry],2023-06-02,0,来自安徽,中性
没有福大,2023-06-01,0,来自四川,消极
93年考的笑而不语,2023-06-01,0,来自上海,中性
就是我那年，保送了,2023-06-01,0,来自北京,中性
放在方面我也是上央财,2023-06-01,0,来自福建,中性
贴吧老哥是你同事吗[doge],2023-06-01,0,来自山东,中性
那时候的大学还挺好上，没卷到七百分,2023-06-01,0,来自河北,中性
[心],2023-06-01,0,来自上海,中性
99年，我出生了[太阳],2023-06-01,0,来自安徽,中性
我99年上的大学，可惜没参加高考。保送了。。。,2023-06-01,0,来自江苏,中性
曾几何时我们和985一个分数线[泪],2023-06-01,0,来自山东,中性
看到母校[泪],2023-06-01,0,来自广东,中性
哇偶，满满的回忆杀,2023-06-01,0,来自四川,积极
第二年我就上了大学[笑cry],2023-06-01,0,来自河北,中性
看看,2023-06-01,0,来自山东,中性
那年我双手插兜…………,2023-06-01,0,来自江苏,中性
徐州医学院的分数居然和清华差不多[允悲][允悲],2023-06-01,0,来自上海,消极
江西财大，可惜了,2023-06-01,0,来自山东,中性
不知道有没有更早的。,2023-06-01,0,来自河北,中性
哈工大547，辽宁工程技术大学548,2023-06-01,0,来自河北,中性
我毕业的那年,2023-06-01,0,来自北京,中性
99年，我参加高考的那年[泪][泪],2023-06-01,0,来自浙江,中性
厉害👍🏻,2023-06-01,0,来自北京,消极
这届的江苏考生，考了532,2023-06-01,0,来自江苏,中性
好,2023-06-01,0,来自上海,积极
还没出生,2023-06-01,0,来自安徽,中性
那时候的文科线还比理科线低呢@是椒娇不是娇娇 [苦涩],2023-06-01,0,来自湖南,中性
几十年了，,2023-06-01,0,来自山东,中性
那个时候还都是理科线要高于文科线[允悲][允悲]  现在反过来了,2023-06-01,0,来自湖北,中性
99年 文科592分的上了个无名大学[二哈][二哈],2023-06-01,0,来自上海,中性
这个年代为啥没有中国青年政治学院[doge],2023-06-01,0,来自北京,消极
[泪],2023-06-01,0,来自湖北,中性
西安医科大学是什么学校？？？,2023-06-01,1,来自陕西,中性
神奇，我就是1999年上的江苏理工大学。后来学校更名为江苏大学。[鼓掌][鼓掌][鼓掌],2023-06-01,0,来自北京,中性
湘潭大学那时候好厉害啊,2023-06-01,0,来自湖南,中性
这是我那年，清华北大遇到小年，投档线最高的好像是606的中国政法，还有上医。,2023-06-01,0,来自江苏,中性
那时的大庆石油学院比肩哈工大呀！,2023-06-01,0,来自天津,中性
@YF-Bai,2023-06-01,0,来自河北,中性
赶上扩招第一年,2023-06-01,0,来自辽宁,中性
我那年,2023-06-01,0,来自辽宁,中性
过去没那么多学科,2023-06-01,0,来自北京,中性
没想到那时候东南文科比南大文科还高。。。,2023-06-01,0,来自江苏,中性
母校辽工大以评论每年降低二十分的速度退步,2023-06-01,0,来自广东,消极
都不是我能考上的大学,2023-06-01,0,来自辽宁,中性
omg白求恩医科大学,2023-06-01,0,来自吉林,中性
比某航空航天大学略高两分[挖鼻],2023-06-01,0,来自江西,中性
我577，山西,2023-06-01,0,来自北京,中性
@荔枝我来辣,2023-06-01,0,来自江苏,中性
那年我考了800分,2023-06-01,0,来自山东,中性
99年那年分数特别低。我98年的，南大比南师高50分左右。99年才高30多分。,2023-06-01,0,来自江苏,中性
@不能不学啊,2023-06-01,0,来自辽宁,中性
文科的？//@陈静宁_自爱:俺是99年高考的，大河北，本科线510，俺却考了509分[泪],2023-06-01,0,来自北京,消极
法大理科606全国第一？复旦也是606,2023-06-01,0,来自江苏,中性
那时候我才4岁半，和我儿子现在的年纪差不了多少，99年大家都已经这么拼了[憧憬],2023-06-01,0,来自安徽,中性
99路过，518分,2023-06-01,0,来自黑龙江,中性
前中国纺织大学研究生报道[打call],2023-06-01,0,来自上海,中性
轻舟已过万重山[苦涩],2023-06-01,0,来自江苏,中性
看看,2023-06-01,0,来自浙江,中性
要是我在当年，那不是国内随便选 不过那年才出生不久,2023-06-01,0,来自湖北,中性
以前都是文科分数线低,2023-06-01,1,来自河北,中性
2000年583分上了哈尔滨理工大学，当时比华中理工分数线高2分，应该也可以上哈工大和哈工程，只是因为只想读计算机专业，所以放弃了第一志愿武汉理工。,2023-06-01,0,来自上海,中性
南京气象学院，曾经这么厉害,2023-06-01,0,来自上海,中性
从第一个看到最后 终于看到我的母校 那个时候还叫西北轻工业学院 原来99年录取线已经要550了,2023-06-01,0,来自四川,中性
这一年我上高中，之后上的河海大学[允悲],2023-06-01,0,来自辽宁,中性
长得略略着急了些些[允悲],2023-06-01,0,来自河北,中性
真不知道有些学校是没落了还是有些学校那时候没那么强[允悲],2023-06-01,0,来自北京,中性
果然南邮叫小清华不是盖的[悲伤],2023-06-01,0,来自重庆,消极
那时候教育资源也差，苦读的天花板就是这样的分数，不像现在都很卷,2023-06-01,0,来自四川,中性
我上一年级了[摊手],2023-06-01,0,来自安徽,中性
我弱弱的说一句，99刚出生,2023-06-01,0,来自青海,中性
那时候东北石油和哈尔滨工业分数差不多[裂开],2023-06-01,0,来自安徽,中性
感慨一下我河海,2023-06-01,0,来自浙江,中性
北京的985也太低了吧，南京那几个大学怎么那么高[二哈][二哈][二哈],2023-06-01,0,来自北京,中性
这是我啊！！,2023-06-01,0,来自四川,中性
那时候河海大学就有常州分校了么！,2023-06-01,0,来自江苏,中性
考卷试题难度比较大的一年,2023-06-01,0,来自重庆,中性
那年我大三，当时没觉得大学难考感觉也没怎么拼。现在孩子高二感觉考个大学要裂开了[裂开],2023-06-01,0,来自山东,消极
唉😔一声叹息，农村没听过啥大学，瞎报的。都是分数没出来填志愿，估分少估了3/40分，一踏忽悠[泪],2023-06-01,0,来自湖北,消极
[允悲]我只知道那时候的数学很难,2023-06-01,0,来自湖南,中性
感慨啥？,2023-06-01,0,来自甘肃,消极
我为啥是99年出生而不是99年高考啊，这些学校我都能上，如果我的省份也是这个分数线的话,2023-06-01,0,来自河北,中性
那时候学校分层没有那么明显是么？,2023-06-01,0,来自河北,中性
02年高考，山东二批本科580+,2023-06-01,0,来自山东,中性
我天，我辽工大分这么高,2023-06-01,0,来自北京,中性
我还记得云大当时的录取线489。西南师范大学499,2023-06-01,0,来自云南,中性
西电压线[允悲][允悲],2023-06-01,0,来自江苏,中性
我沈农[打call][打call][打call],2023-06-01,0,来自吉林,中性
时间过得真快,2023-06-01,0,来自广东,积极
@不务正业的大lulu 看看母校辉煌时期,2023-06-01,0,来自四川,中性
医科院校普遍分数好高啊,2023-06-01,0,来自河南,消极
不要说分数低。那年代总分低，我考的那年，文科六门，只有语数是120满分，其他满分是100。,2023-06-01,0,来自福建,中性
@拾叁的眼神不大好使 左下角，海带又赢[赞],2023-06-01,0,来自山东,中性
@dREAMiNG-Of-YOU- @千秋楽qwert,2023-06-01,0,来自河北,中性
这分数可真是挺低的，当年全国一张卷，这在某些省，连本科线都不到,2023-06-01,0,来自天津,消极
应该是我邻居哥高考那一年 先估分报志愿 怕报清华北大滑档 就报了西安交大 不过后来他去清华读研了[二哈] 真的牛啊,2023-06-01,0,来自河南,中性
气死了我的南理工，去个锤子的南师,2023-06-01,0,来自江苏,消极
河南...都是泪,2023-06-01,0,来自河南,中性
白求恩医科大学是哪个啊,2023-06-01,0,来自山东,中性
西交很强,2023-06-01,0,来自广东,积极
河南97级，估分报志愿，分数出来555分，刚挂线，录了个大中专[泪][泪][泪],2023-06-01,0,来自河南,中性
看懂的都是人才,2023-06-01,0,来自山东,中性
南医高于清华,2023-06-01,0,来自江苏,中性
开学高三，虽然我没上过高中[二哈],2023-06-01,0,来自云南,中性
同年，不记得是不是全国统一卷了，先考、后估分、再报名，那年数学好难，很多同学志愿都报低了，不过清华、北大、浙大，才560、580多，离谱啊，我记得当初没有630都不敢报,2023-06-01,0,来自辽宁,消极
@梳碧湖畔打鱼郎,2023-06-01,0,来自山西,中性
对于志愿的不普及大众 很多人没有准确 报考 不然会有很多 人才吧。。。,2023-06-01,0,来自上海,中性
如果沒有去中专，这年也是我高考，遗憾,2023-06-01,0,来自江西,消极
西交竟然比清北还高？？？,2023-06-01,0,来自中国香港,中性
现在把5开头换成6开头就对了,2023-06-01,0,来自吉林,中性
叔叔阿姨好多啊[允悲][允悲],2023-06-01,0,来自广东,中性
天津大学的理科分数好高啊,2023-06-01,0,来自山东,中性
我刚出生[doge][doge],2023-06-01,0,来自吉林,中性
当年我们还只是财经大学[哈哈],2023-06-01,0,来自浙江,中性
看到这个我想哭,2023-06-01,0,来自广东,消极
那会我在读一年级[doge],2023-06-01,0,来自江苏,中性
那时候东华还是中国纺织大学呢[哇],2023-06-01,0,来自上海,中性
大家的评论都体现了雪峰老师的重要性,2023-06-01,0,来自河北,积极
烟台大学那么牛啊,2023-06-01,0,来自吉林,中性
山东医科大远超清华北大,2023-06-01,0,来自湖北,中性
我是这一年出生的[允悲],2023-06-01,0,来自湖北,中性
@M-ud nb[收到],2023-06-01,0,来自陕西,中性
[允悲],2023-06-01,0,来自广东,中性
东北石油大学的分数线直逼985,2023-06-01,0,来自黑龙江,中性
就是我们那年，立马存图。,2023-06-01,0,来自四川,积极
没空,2023-06-01,0,来自福建,消极
90年的大学生才是真的大学生,2023-06-01,0,来自湖北,中性
我擦，当时的石家庄铁道跟哈工大同一水平啊！,2023-06-01,0,来自河北,消极
1,2023-06-01,0,来自湖南,中性
华东政法分好高啊,2023-06-01,0,来自上海,中性
96年高考路过,2023-06-01,0,来自湖南,中性
清华565是认真的吗,2023-06-01,0,来自江苏,中性
我那一届,2023-06-01,0,来自青海,中性
[打call],2023-06-01,0,来自山东,中性
那是总分和现在也,2023-06-01,0,来自福建,中性
[偷笑][偷笑][偷笑]那一年我考得不怎么样，挂上车尾,2023-06-01,0,来自上海,中性
66,2023-06-01,0,来自辽宁,中性
对，那时候中考高考都得买报纸,2023-06-01,0,来自陕西,中性
家人们，鲁迅可以弃医从文，但是我们不能弃文从医[doge]，因为医学院不收文科生[doge],2023-06-01,0,来自江苏,中性
nashi那时候才7岁。,2023-06-01,0,来自广西,中性
本人99年河南高考，570，河南农业大学，二本。,2023-06-01,0,来自河南,中性
看了一眼自己学校的录取分数线，默默感叹：嗯，祖上富过[doge][doge],2023-06-01,1,来自陕西,中性
我2000年上北理，580,2023-06-01,0,来自甘肃,中性
理科一直这么卷？,2023-06-01,0,来自贵州,中性
清华北大理科这样,2023-06-01,0,来自四川,中性
我是后面一届,2023-06-01,0,来自江苏,积极
我摆交居然还有这么辉煌的时候，小压北理！,2023-06-01,0,来自北京,消极
79年入学的飘过,2023-05-31,0,来自上海,中性
没有人关注到石家庄铁道大学吗,2023-05-31,0,来自河北,中性
99年高考，四川考生路过,2023-05-31,0,来自江苏,中性
当年的湘大啊,2023-05-31,0,来自福建,中性
铁皮没落了,2023-05-31,0,来自河北,消极
我684，去了河南大学。[心],2023-05-31,0,来自浙江,中性
前几天在老家还找到一张电视报，96年的，在一本钓鱼杂志里夹着,2023-05-31,0,来自河南,中性
我高考那一年，怀念青春…,2023-05-31,0,来自宁夏,积极
就我们那一年的[good][good][good],2023-05-31,0,来自江苏,积极
我的辽工大！548，现在458了[泪],2023-05-31,0,来自中国,中性
[允悲],2023-05-31,0,来自山东,中性
我就是那年高考,2023-05-31,0,来自北京,中性
想当年的我贝壳,2023-05-31,0,来自山东,中性
哇，是我高考那年的，有意思,2023-05-31,0,来自江苏,积极
我鼠大当年的分好低啊[doge],2023-05-31,0,来自江苏,中性
张老师老的报纸省图书馆网站都有，存档应该,2023-05-31,1,来自浙江,中性
1999年参加高考对比就是1996年参加中考的那批人。中考考高中就已经是千军万马过独木桥了，本人就是那时中考没考上高中，考了个电力学校，三年后毕业，老天有眼赶上国家计划经济最后一批学生包分配，进入中国华能集团工作至今。,2023-05-31,0,来自山东,中性
那一年这张纸上所有学校都能去可是就是去不了[允悲],2023-05-31,0,来自北京,中性
第一年扩招，北大爆冷,2023-05-31,0,来自江苏,中性
河北重点线546 北京科技大学,2023-05-31,0,来自北京,中性
哇塞，原来我厦大上学时的舍长当年估计报清华就能上了。她真的很聪明。,2023-05-31,0,来自海南,积极
看到了母校[苦涩][苦涩][苦涩]想它[苦涩],2023-05-31,0,来自河北,中性
507,2023-05-31,0,来自河北,中性
我也是那一年高考，自己估分低了20分，志愿也没报好[苦涩][苦涩],2023-05-31,0,来自山东,消极
我们那年分数线也差不多这个样，510多都只能报考本三，专科都要四百多[允悲],2023-05-31,0,来自福建,消极
清华北大还比华东几高校低？不会搞笑吧？[doge],2023-05-31,0,来自广东,中性
98年高考的默默飘过[允悲],2023-05-31,0,来自广东,中性
看到了我的本科学校[允悲],2023-05-31,0,来自上海,中性
母校某老八校分数线吊打一众985[doge],2023-05-31,1,来自湖南,中性
扩招的第一年，满满的回忆杀，当年的考试情形依然历历在目。[哈哈][哈哈][哈哈],2023-05-31,0,来自吉林,消极
没有出生[苦涩],2023-05-31,0,来自云南,中性
那年大庆石油学院分数这么高呢,2023-05-31,1,来自黑龙江,中性
看到了我的母校[笑cry],2023-05-31,0,来自山东,中性
南昌大学 江西财经大学没落了,2023-05-31,0,来自北京,中性
无锡轻工还没有改名[允悲],2023-05-31,0,来自江苏,消极
[衰],2023-05-31,0,来自河南,中性
我94年高考[可怜],2023-05-31,0,来自山东,中性
法大第一诶,2023-05-31,0,来自湖南,中性
那年数学考试很难，最后三道大题得分的人很少[允悲]。。。,2023-05-31,0,来自安徽,中性
这时候正常[doge],2023-05-31,0,来自江苏,中性
证据支撑@没有人比我更懂杭之冯玥,2023-05-31,0,来自福建,中性
貌似没见一个河南的,2023-05-31,0,来自河南,中性
我05年高考文科600+，西南财经大学,2023-05-31,0,来自四川,中性
扬子晚报[允悲],2023-05-31,0,来自上海,中性
想当年 你的名字要能在上面出现 能光耀祖宗三代[开学季][开学季][开学季],2023-05-31,0,来自福建,中性
烟台大学当时这么厉害,2023-05-31,0,来自山东,消极
唉～我爸那会儿还是哈建大呢，现在快没人知道了,2023-05-31,1,来自澳大利亚,消极
北航分那么高？比清北高那么多，沈阳农大这分数线吓人啊,2023-05-31,0,来自辽宁,消极
雪峰啊雪峰，你太寂寞了,2023-05-31,0,来自广东,消极
088370,2023-05-31,0,来自河北,中性
加油加油,2023-05-31,0,来自江西,积极
1999年是我第三次参加高考，也是山东实行标准分的第四年（好像是），我考了586，本来考不上本科的，结果填报志愿时忽然说要扩招，本科线往下降50分填报志愿，我正好超过了两分，填了曲师大中文，居然录取了。然后大家就都知道了，越扩越多，万人大学纷纷出炉……,2023-05-31,1,来自山东,中性
1999年，正是我考上大学的那一年。估分少估20分，但仍然上了211一本，当时热门的专业。 感谢自己曾经在关键时候的拼搏，以及后来20几年的认真生活，总算没有辜负青春年华。,2023-05-31,0,来自北京,中性
那时志愿是开盲盒，先填写志愿然后考试，而且没有平行志愿[打call],2023-05-31,0,来自江苏,中性
说真的那一代人真的赶上好时候了,2023-05-31,0,来自山西,积极
还没出生[笑cry],2023-05-31,0,来自广东,中性
我当年考了542，全省前百[允悲],2023-05-31,0,来自俄罗斯,中性
竟然能看到我学校,2023-05-31,0,来自辽宁,中性
我晕，放到那时候，我根本考不上我的学校啊,2023-05-31,0,来自重庆,消极
我高考那年的报纸，满满的回忆啊[允悲],2023-05-31,0,来自天津,消极
电子电影游戏摧毁了很多人,2023-05-31,0,来自浙江,消极
99年，538，啥大学也上不了[汗],2023-05-31,0,来自山东,中性
我还没上幼儿园[裂开]哈哈,2023-05-31,0,来自江苏,中性
2011年我能上中国药科大学，1999年我还是能上中国药科大学，行吧，逃不掉[允悲]命中注定[允悲],2023-05-31,0,来自天津,中性
早五年  575  也能上一堆985,2023-05-31,0,来自湖南,中性
江苏98年高考南师大，谢谢你的报纸，证明了我老公同年苏大确实在南师大后头，哈哈哈哈,2023-05-31,0,来自江苏,积极
那一年有三志愿自费档了,2023-05-31,0,来自北京,中性
假如记忆可以移植吗[允悲],2023-05-31,0,来自辽宁,中性
当年我考了个560，居然没去985，也算是种遗憾吧,2023-05-31,0,来自江西,消极
南京大学分数线比清华高,2023-05-31,0,来自北京,中性
说明你老了,2023-05-31,0,来自浙江,中性
有没有1993年的[哈哈],2023-05-31,0,来自北京,中性
我有97的年,2023-05-31,0,来自黑龙江,中性
简直是爷青回啊[doge]清华这个事其他人说的不对，我来解释。我是00级，那时候江苏先考，再估分填志愿，再公布分数。所以我们00是参考99的录取分来填志愿的，清华这事我们老师说过。99年有个理科的，估分高估了几十分，就填了个清华，服从分配。结果那年清华核物理（要求毕业服从分配）在江苏没招满。,2023-05-31,1,来自北京,中性
我东居然这么出息[苦涩],2023-05-31,1,来自海外,中性
我是99年高考[泪],2023-05-31,0,来自山东,中性
航专，赢,2023-05-31,0,来自江苏,中性
就是我高考那一年[哈哈],2023-05-31,0,来自江苏,积极
当年辽工大也是个211的分啊，现在真是没落了,2023-05-31,0,来自河北,中性
然后我们第二年也就是2000年，又改为先报志愿，然后再考试了[嘻嘻]也是从2000年，好多年高考不考的生物开始高考了。,2023-05-31,0,来自上海,中性
东南大学🐮,2023-05-31,0,来自广东,中性
[doge][doge][doge][doge],2023-05-31,0,来自黑龙江,中性
这还老，我爸8几年考上大学的,2023-05-31,0,来自陕西,中性
我刚出生,2023-05-31,0,来自河南,中性
这一年我才5岁[笑cry],2023-05-31,0,来自河南,中性
广外辉煌过,2023-05-31,0,来自重庆,积极
找找山东的。[挤眼][挤眼][挤眼],2023-05-31,0,来自山东,中性
张雪峰这几年赚的盆满钵满,2023-05-31,0,来自北京,积极
可惜我烟台大学了 应该是这里面现在发展最差的了吧[悲伤],2023-05-31,3,来自山东,消极
好多当年的医学院校已经不在了啊[可怜]山东医科大学这分数线够硬[赞],2023-05-31,0,来自黑龙江,中性
这些年来，物价都乱套了[笑cry],2023-05-31,0,来自江苏,中性
我来瞅瞅有没有五岁上一年级，小学是五年制的在[允悲],2023-05-31,0,来自河北,中性
1999年，小学五升六[并不简单],2023-05-31,0,来自江苏,中性
南昌大学是不招生吗[允悲],2023-05-31,0,来自江西,中性
想起了10年抱着厚厚的书查看分数线报考的我[单身狗],2023-05-31,0,来自广西,中性
西安建大的录取分，吊打一大批985啊[作揖][作揖][作揖],2023-05-31,0,来自陕西,中性
我辽工大何德何能，和南开一个投档线[666],2023-05-31,0,来自上海,中性
估分填志愿时期，盲开,2023-05-31,0,来自北京,中性
当年的江西财经大学[赞]，现在唉,2023-05-31,0,来自浙江,中性
当年湘潭大学好高呀,2023-05-31,0,来自上海,中性
[思考],2023-05-31,0,来自浙江,中性
99级高考，当时我填志愿的时候是不知道自己考了多少分的，分数靠估，志愿靠运气。,2023-05-31,0,来自浙江,消极
那会安大和合工大竟然是一个分[吃惊][吃惊][吃惊],2023-05-31,0,来自安徽,中性
江财分数这么高，跟厦大一样[哆啦A梦害怕],2023-05-31,0,来自江苏,消极
看到了自己的学校，不是这一届，但我当年也是估分报志愿，虽然分考的不高，但是一分没差[笑cry][笑cry],2023-05-31,0,来自辽宁,中性
99年才多少人念书[允悲],2023-05-31,0,来自黑龙江,中性
我是99年高考的，全国一样的试卷,2023-05-31,0,来自江苏,中性
[嘻嘻],2023-05-31,0,来自新疆,积极
石家庄铁道学院,2023-05-31,0,来自山东,中性
原来那个时候文科可以报的学校就那么少[泪][泪][泪],2023-05-31,0,来自陕西,中性
信息不发达的时代 报考都要翻志愿书,2023-05-31,0,来自日本,中性
南京与东南：纵观一档线，只有青霞（清华）和曼玉（北大）能与我俩相提并论,2023-05-31,0,来自浙江,中性
考试前填志愿就是这么惊喜[哈哈],2023-05-31,0,来自北京,积极
北方交通大学[哇]@早川百咏 @皇甫丢丢_,2023-05-31,1,来自北京,中性
这都算老报纸……时间真快,2023-05-31,0,来自北京,中性
那时候满分是多少啊,2023-05-31,0,来自辽宁,中性
清华分数不高啊,2023-05-31,0,来自吉林,消极
那时总分640吧,2023-05-31,0,来自重庆,中性
我那一年考了531，黑龙江[泪],2023-05-31,0,来自山东,中性
我毕业那一年，黑龙江还是估分报志愿，高考很混乱[泪],2023-05-31,0,来自山东,消极
99年江苏高考是全国卷啊，假如记忆可以移植[允悲]，清华分数低是首次实行高考后出分前填志愿，清华只收一志愿啊，据说也是仅有一个565所谓的低分,2023-05-31,0,来自江苏,中性
我理科考了576，在江苏上了个普通的二本医学院,2023-05-31,0,来自江苏,中性
那时候的理科只考语外数理化吧？@张雪峰老师,2023-05-31,0,来自湖南,中性
感慨什么呢？,2023-05-31,0,来自河南,消极
老师后悔了？,2023-05-31,0,来自广东,消极
没人注意到吗？理科分数线竟然比文科高,2023-05-31,1,来自辽宁,消极
呜呜呜，老江科大这么厉害[泪]分数都能上好多211了,2023-05-31,0,来自黑龙江,消极
那时候总分多少呢,2023-05-31,0,来自陕西,中性
那时候江西财大那么高分吗[吃瓜][吃瓜][吃瓜],2023-05-31,2,来自上海,中性
居然是我高考那年。。。。,2023-05-31,0,来自浙江,中性
我们学校还叫青岛海洋大学,2023-05-31,0,来自天津,中性
输麻了,2023-05-31,0,来自江苏,中性
山西就没有一所大学上报吗？,2023-05-31,0,来自山西,中性
二十年前，540多分就能上哈工大，山大[伤心],2023-05-31,0,来自山东,消极
原来是存在文科分数会比理科低的情况啊[二哈],2023-05-31,0,来自湖北,消极
99年上的哈工程,2023-05-31,0,来自天津,中性
第一次大扩招,2023-05-31,0,来自四川,中性
我还没出生,2023-05-31,0,来自北京,中性
我我我,2023-05-31,0,来自江苏,中性
幸好我当年考了350多，没有学霸们的那些烦恼[笑cry],2023-05-31,0,来自重庆,消极
山东医科大学596？,2023-05-31,0,来自山东,中性
张老师，有河北1999年的吗？,2023-05-31,0,来自河北,中性
@手捣杨梅冰,2023-05-31,0,来自湖南,中性
西安建筑科技大学竟有如此辉煌的历史[doge],2023-05-31,0,来自四川,中性
路过，怀念下。,2023-05-31,0,来自浙江,中性
99年还有哈尔滨建筑大学哪,2023-05-31,0,来自黑龙江,中性
南京航空航天大学[举手][举手][举手],2023-05-31,0,来自上海,中性
那时我9岁[doge],2023-05-31,0,来自北京,中性
99年，也是我老公高考的那一年,2023-05-31,0,来自广西,中性
那个年代填志愿，都是风险非常高的事！,2023-05-31,0,来自广西,中性
那年我高二,2023-05-31,0,来自北京,中性
南大东大怎么比清华北大录取线都高,2023-05-31,0,来自江苏,中性
2年后俺参加了高考,2023-05-31,0,来自河北,中性
清华这么低？不会吧[允悲],2023-05-31,0,来自江苏,消极
@hello路人君,2023-05-31,0,来自安徽,中性
那年我实拔sei,2023-05-31,0,来自北京,中性
那个时候还叫南京气象学院,2023-05-31,0,来自江苏,中性
当年我辽工大的的录取分能跟大连理工一个水平？？？[哆啦A梦害怕],2023-05-31,0,来自辽宁,中性
我就是99年高考，浙江的全国卷，印象中数学很难，过的一本线，好像和江苏的分数线差不了多少，但志愿没填好，滑得一塌糊涂。那时候身边也没什么人帮忙填报志愿的指导，互联网又不发达，信息不对称,2023-05-31,0,来自安徽,中性
大庆石油学院！！！你看看你现在在干什么,2023-05-31,0,来自四川,中性
我是这年的，这年一个怪现象，各省好学校的分比清华北大这些名校还高，因为分普遍比98年低，没人敢报外省好学校[污][污],2023-05-31,0,来自北京,中性
多读书，读好书[允悲]//@若水向东流:回复@姓顾的不咸不淡工作脑:[笑cry]你是不是搞不清楚 批次线，调档线，录取线，专业录取线几个分数线之间的关系?//@若水向东流:99年江苏录取线居然这么低?大部分学校录取线都比辽宁同年低[允悲],2023-05-31,0,来自广东,中性
华中理工大学，武汉工业大学，时代的眼泪[doge][doge][doge],2023-05-31,0,来自湖北,中性
99年，我上一届，应该是第一年实行先考后报，坑了一批人[允悲],2023-05-31,0,来自吉林,中性
擦，我鲁那年是标准分第三年。有瘸腿瘸的厉害的科，结果满分900分的标准分情况下，我的高考标准分比平时满分750的模考的看分都低[允悲][允悲]，错失山大数学系，西工大飞行器[允悲][允悲],2023-05-31,0,来自北京,中性
理科分数高文科好多,2023-05-31,0,来自浙江,积极
重点   原来清华当年这么菜，还没我学校分数线高呢[doge],2023-05-31,0,来自上海,中性
学渣的我看了没感觉[允悲],2023-05-31,0,来自北京,中性
那年我考了515，只能上个二本,2023-05-31,0,来自湖北,中性
那年我第一次参加高考[允悲],2023-05-31,0,来自河北,中性
99年的[憧憬],2023-05-31,0,来自江苏,中性
湘潭大学何德何能。。？,2023-05-31,0,来自重庆,中性
我学校当年和川大 重大 苏大一个分[允悲]如今一个破双非,2023-05-31,0,来自陕西,消极
那个年代的大学生的含金量，可怕[doge],2023-05-31,2,来自江苏,消极
[微笑][微笑][微笑],2023-05-31,0,来自河北,中性
528[笑cry],2023-05-31,0,来自江苏,中性
哇塞哇塞好牛[允悲][允悲][允悲],2023-05-31,0,来自上海,积极
木有看到河北学校[泪],2023-05-31,0,来自河北,消极
哇,2023-05-31,0,来自浙江,中性
清华大学怎么那么低,2023-05-31,0,来自上海,中性
我的母校当年529分[允悲],2023-05-31,0,来自河北,中性
我算您师兄了[哈哈]报纸上的那年从湖南出省[二哈][二哈][二哈],2023-05-31,0,来自广东,中性
97年高考的路过，考前填志愿太坑了！,2023-05-31,0,来自江苏,消极
我是那年的，超清华几十分,2023-05-31,0,来自江苏,中性
问下清华北大的录取分数线怎么比南京大学还低呢？,2023-05-31,0,来自上海,中性
复旦比清北高？？？？[费解][费解][费解][费解],2023-05-31,3,来自山西,中性
你的同事也逛贴吧啊,2023-05-31,0,来自天津,中性
山东医科大这么高呀,2023-05-31,0,来自四川,中性
大学第一年扩招，从此很多人改变了命运[笑cry],2023-05-31,0,来自陕西,中性
西安公路交通大学，现在长安大学,2023-05-31,0,来自陕西,中性
北大 清华 怎么分不高,2023-05-31,0,来自江苏,中性
那一年我理科474,2023-05-31,0,来自湖南,中性
我是99年上的大学！[打call][打call][打call],2023-05-31,0,来自山西,中性
那会我才出生[泪],2023-05-31,0,来自广东,中性
巧了，这一年刚出生[允悲],2023-05-31,0,来自广东,中性
99年，俺弟也是这年高考，当年考了678，总分好像900啊，俺们总分900还是八百来,2023-05-31,0,来自山东,中性
我就是那一年的啊，理科551，现在很后悔填报的志愿[二哈],2023-05-31,0,来自北京,中性
想想当年的南京邮电学院[苦涩][苦涩][苦涩],2023-05-31,2,来自江苏,中性
我是比这还早一年上的大学。,2023-05-31,0,来自广东,中性
我6年后高考，一所都考不上~[允悲],2023-05-31,0,来自江西,中性
我11年的成绩放在99年也上不了清华北大，我就死心了,2023-05-31,0,来自山西,消极
这批报清北的都是胆识过人[赞],2023-05-31,0,来自河北,积极
中南政法比中南大学高好多[笑cry],2023-05-31,0,来自湖北,中性
[doge],2023-05-31,0,来自江苏,中性
当年我学校还能排上号，现在[苦涩],2023-05-31,1,来自江苏,中性
哈，看到了我那年的我的学校的分数,2023-05-31,0,来自北京,中性
扬州大学居然和苏州大学一样的分数线,2023-05-31,0,来自江苏,中性
比现在简单的不是一星半点,2023-05-31,0,来自江苏,中性
还有白求恩医科大学[泪][泪][泪][泪]我哭死,2023-05-31,0,来自吉林,消极
清华分数线就比南师大高 3分[疑问]离了个大谱,2023-05-31,0,来自江苏,中性
原来西建大也有这么牛的时候[doge],2023-05-31,0,来自陕西,中性
分数根本不重要，排名和录取率才重要,2023-05-31,0,来自北京,中性
感慨啥？,2023-05-31,0,来自山西,消极
曾经,2023-05-31,0,来自四川,中性
97年高考的路过[允悲],2023-05-31,0,来自江苏,中性
扬大没落了[苦涩][苦涩],2023-05-31,0,来自江苏,中性
这几年有些大学过了 20 多年，分数线还降了[允悲],2023-05-31,0,来自上海,中性
白求恩医科大学,2023-05-31,0,来自广东,中性
那个时代，西安建大的理科分好高。,2023-05-31,0,来自陕西,中性
我就是这一批学生,2023-05-31,0,来自山东,中性
想看94年的，忘了,2023-05-31,0,来自山东,中性
当年的中南政法学院牛逼,2023-05-31,1,来自广东,中性
唯我西南政法大学这么多年，只涨逼格不涨分[doge],2023-05-31,1,来自重庆,中性
湘潭大学最感慨,2023-05-31,0,来自湖南,中性
我就是这一年高考的，有点意外，在江苏招生，华中理工大学当时文理科分数线都比武汉大学高不少呢。不过，我们当时标准分，所以不太好和这里对标了，当时我们叫重点线吧。,2023-05-31,0,来自上海,中性
。？？,2023-05-31,0,来自北京,中性
还真是,2023-05-31,0,来自辽宁,中性
那是投档线，基本都是比较差的专业吧[挖鼻],2023-05-31,0,来自湖南,中性
清华那年才565？,2023-05-31,0,来自北京,中性
我是98年江苏的高考生，提前招生，军校,2023-05-31,0,来自江苏,中性
现在什么牛马学校都是一本，原来的一本就是985[喵喵],2023-05-31,1,来自湖南,中性
文理变化这么大,2023-05-31,0,来自江苏,消极
好像那时候总分650,2023-05-31,0,来自贵州,中性
清华北大我的分也够啊[doge][哈哈],2023-05-31,0,来自湖北,中性
我就是这届的，一模580二模610，原来想冲东南，高考数学悲剧了，560去了双非一本，遗憾，估分填没排名，充满冷门滑档和逆袭,2023-05-31,0,来自江苏,消极
我要是在江苏就好了。我550分，可以上我想去的厦门大学。,2023-05-31,0,来自上海,积极
我校分好高[哆啦A梦害怕],2023-05-31,0,来自北京,中性
@晚安了人类,2023-05-31,0,来自江苏,中性
我姐夫是那一年合格的西安交大自动化，没想到那个年代西交的理科分数线居然跟南京大学持平，只知道当年他高考是那个县城的第一名。,2023-05-31,0,来自日本,中性
多么熟悉的分数线！现在都变啦……,2023-05-31,0,来自北京,消极
北体分居然这么高[允悲],2023-05-31,0,来自北京,中性
江苏省[收到][收到][收到][收到][收到],2023-05-31,0,来自江苏,中性
以前先估分再填志愿，也不知道自己多少分排名多少。反正瞎报瞎上。,2023-05-31,0,来自广东,中性
扬子晚报[嘻嘻],2023-05-31,0,来自浙江,中性
第一批学生毕业的时候我刚一岁[笑cry],2023-05-31,0,来自河南,中性
西建大居然比好的985都高,2023-05-31,3,来自安徽,中性
满满的回忆，当年考完估分，对心理的摧残是很可怕的，发现错一题心里就抖一下[允悲],2023-05-31,0,来自江苏,消极
当时还是叫华纺。。,2023-05-31,0,来自上海,中性
时代的眼泪，95年四川考生，99毕业，一晃快30年了,2023-05-31,0,来自北京,中性
河南没有一所呀,2023-05-31,0,来自河南,中性
1999年江苏高考一本录取线 扩招第一年 感谢高考扩招，直接改变了我的命运。,2023-05-31,0,来自广东,中性
有没有2000年的报纸？,2023-05-31,0,来自江苏,中性
主要是给清华北大补贴太多，资源都去那边了。被美国制裁的大学才是真的需要补贴的大学。,2023-05-31,0,来自广东,中性
烟台大学牛,2023-05-31,0,来自甘肃,中性
[泪]清华530几就能上,2023-05-31,0,来自湖北,中性
哇偶 那会考清华跟考河海一个水平啊[开学季],2023-05-31,0,来自江苏,中性
[允悲],2023-05-31,0,来自天津,中性
西建大当时着实厉害[good],2023-05-31,0,来自宁夏,积极
二十年前也是我想都不敢想的学校,2023-05-31,0,来自湖北,中性
@Adam45295 [泪][泪][泪],2023-05-31,0,来自湖南,中性
原来时光倒流一下，我也能上清华北大！[哈哈],2023-05-31,0,来自辽宁,积极
清华文科。。,2023-05-31,0,来自江苏,中性
辽工大何德何能[允悲],2023-05-31,1,来自辽宁,中性
这么多年过去房价都涨那么多了，唯有这个没咋涨，甚至还有些降的,2023-05-31,0,来自上海,中性
我记得山东好像610分刚够本科线[允悲],2023-05-31,0,来自山东,中性
那时候安大比合工大分还好高,2023-05-31,0,来自安徽,中性
沈阳农业大学和东北大学分数线都是546,2023-05-31,0,来自广东,中性
汕大居然这么高,2023-05-31,0,来自福建,中性
那个时候东南大学录取分数线可以说在十名内，比清华北大复旦都高，但名声一年不如一年啊,2023-05-31,0,来自广东,中性
东华大学榜上无名？,2023-05-31,0,来自江苏,中性
生不逢时,2023-05-31,0,来自河北,中性
无锡轻工大学竟然分这么高，我一直以为是个三本大学啊[允悲],2023-05-31,0,来自江苏,中性
我是那年上了报纸上那个大学[笑cry][笑cry][笑cry],2023-05-31,0,来自广东,中性
我车大何德何能比清北高[苦涩],2023-05-31,1,来自江苏,中性
扬州大学你没落了多少！！！@扬州大学 把我顶上去，谢谢,2023-05-31,0,来自上海,中性
96年的路过，那年我们还是先填志愿，后高考。,2023-05-31,1,来自山东,中性
那时候满分710吧,2023-05-31,0,来自北京,中性
作文，假如记忆可以移植,2023-05-31,1,来自广东,中性
那一年我才出生,2023-05-31,0,来自河南,中性
有啥，大家马大家骑！,2023-05-31,0,来自安徽,中性
中国科学技术大学好厉害啊[苦涩],2023-05-31,0,来自广西,中性
清华跟南大一样的分数,2023-05-31,0,来自江苏,中性
三峡大学前身这么猛吗[doge],2023-05-31,0,来自湖北,中性
清华居然还没有复旦的分数线高,2023-05-31,0,来自陕西,中性
99年刚出生[允悲],2023-05-31,0,来自陕西,中性
俺98年在江苏，530多分，过一本线不足十分，还报错了学校，把甲大学看成乙大学，结果很遗憾，就上了甲大学，稀里糊涂毕业了！,2023-05-31,0,来自江苏,中性
@酸奶疙瘩真好吃啊 @李德利36 [苦涩]当年烟大分数标准211水平啊,2023-05-31,0,来自山东,中性
让我穿越吧[允悲]我家那时候是肯定可以支持我读书的[允悲]但是竞争小太多了[允悲],2023-05-31,0,来自河北,中性
西建大没落了呀,2023-05-31,0,来自陕西,中性
看一下录取名额会更感慨,2023-05-31,0,来自江苏,中性
那时候分数线感觉差距剃度不大，,2023-05-31,0,来自河北,中性
原来北二外以前叫大学[doge],2023-05-31,0,来自山东,中性
北师大nb,2023-05-31,1,来自河南,中性
坏了，我校是二本[泪],2023-05-31,0,来自陕西,中性
我刚出生,2023-05-31,0,来自陕西,中性
536上清华[允悲],2023-05-31,0,来自上海,中性
你这有啥，我还有我们那一届入学名单，光明日报上登的,2023-05-31,0,来自陕西,中性
第一批考上的人，现在都是教授级别的吧[悲伤],2023-05-31,0,来自内蒙古,消极
现在太卷了[允悲]当一个孩子都不容易,2023-05-31,0,来自辽宁,中性
我大连海事那时候得分也不算低了,2023-05-31,0,来自北京,中性
看样子是扬子晚报,2023-05-31,0,来自浙江,中性
12高考毕业的我看99年高考分数怎么那么高，我考不上[允悲]，大西北教育不允许,2023-05-31,0,来自北京,中性
有2003年的吗[偷笑],2023-05-31,0,来自江苏,中性
[心],2023-05-31,0,来自江苏,中性
看到没，好学校不管什么时候都不好考[泪],2023-05-31,0,来自山东,消极
南航！！！,2023-05-31,0,来自江苏,中性
[good],2023-05-31,0,来自陕西,积极
伟大复兴路,2023-05-31,0,来自福建,积极
我就是这一年的高考生，山东那年用标准分，换算折合，文科本科线634,2023-05-31,0,来自山东,中性
[心],2023-05-31,0,来自河北,中性
我们学校真是没落了[允悲][允悲][允悲]一本线比我 2011 年上大学时候差不少啊[允悲][允悲][允悲],2023-05-31,0,来自辽宁,消极
哪个人才想出来的估分填志愿[允悲],2023-05-31,0,来自浙江,中性
@Lee·SH @阿伟爱吃饭c @赤轩蜀眸 @王wang不是汪 @赤轩蜀眸 @通稿2001,2023-05-31,0,来自江苏,中性
西建大荣光[允悲],2023-05-31,7,来自陕西,积极
张老师 东北大学和燕山大学一个分 那为啥燕山大学211都不是[允悲],2023-05-31,0,来自内蒙古,中性
你说的好多话，或许都对，但我是真的烦你,2023-05-31,0,来自上海,中性
就是我这一级的，语文高考题目《假如记忆可以移植》，我总分577，其中数学123，这一年数学写到最后两题比较难。,2023-05-31,10,来自江苏,中性
还是叫气象学院霸气[喵喵],2023-05-31,0,来自广东,中性
南大的分就文科比北大低，其他都比清北高[允悲],2023-05-31,0,来自山西,中性
满分多少分？,2023-05-31,0,来自广东,中性
这批人毕业的时候，6月底的扬子晚报头版头条“全国100万大学毕业生失业街头”,2023-05-31,0,来自江苏,中性
我是99年参加高考的，文科528分，估分再报志愿，没报好，上了东北财经，当年天津文科重点线是480大概，当时我的分数南京大学和厦门大学都够的，就是不敢报，也是改变了人生方向,2023-05-31,1,来自天津,中性
没看到一个河南的[苦涩],2023-05-31,0,来自河南,中性
南京气象学院赢麻了[doge],2023-05-31,0,来自江苏,中性
[good],2023-05-31,0,来自重庆,积极
当年估分很准[挤眼],2023-05-31,0,来自江苏,中性
1999年，文科分数线比理科低；扬大苏大一般高。现在全都不一样了。,2023-05-31,0,来自江苏,中性
那时候华电本部还在保定，是正经的河北第一高校，燕山排老二，铁道老三。,2023-05-31,0,来自河北,中性
我觉得也是,2023-05-31,1,来自中国,中性
那时候文科分数线是比理科低的，现在文科越来越难,2023-05-31,0,来自江苏,中性
谁曾想那个时候9岁的我在15年后能考上这报纸中的某所大学，母校在列,2023-05-31,0,来自辽宁,消极
原来那个时候我们双非学校和某些 985 一个分[泪],2023-05-31,0,来自河北,中性
北大和西安建大一个分，清华更低？[doge][允悲],2023-05-31,0,来自浙江,中性
就是我那一年！我好像看过！,2023-05-31,0,来自安徽,积极
越来越低,2023-05-31,0,来自安徽,消极
那年我上高一，那时候只有重点本和普通本的说法。,2023-05-31,0,来自山东,中性
怎么烟台大学混进去了,2023-05-31,0,来自山东,中性
99年我刚出生🐣,2023-05-31,0,来自山东,中性
@邮差只按-两遍铃,2023-05-31,0,来自浙江,中性
转发微博,2023-05-31,0,来自河南,中性
我江财竟然比央财分数还高[允悲],2023-05-31,0,来自江西,消极
清北怎么回事[笑cry],2023-05-31,0,来自福建,中性
小学时候看过[允悲],2023-05-31,0,来自江苏,中性
这一年我大四。大学填志愿是自己估分后填的,2023-05-31,0,来自江苏,中性
艹，我们学校都赶上北大的分了[允悲],2023-05-31,0,来自辽宁,中性
[微笑],2023-05-31,0,来自新疆,中性
东北高校的分是真低啊,2023-05-31,0,来自浙江,中性
江西财经大学没落了,2023-05-31,0,来自湖北,中性
这是那个省的分数线？,2023-05-31,0,来自辽宁,中性
哇99年我刚出生,2023-05-31,0,来自江苏,中性
上高一,2023-05-31,0,来自天津,中性
看了好几遍没有发现有河南的高校[泪],2023-05-31,0,来自河南,消极
找了找中南大学，哦~，那一年还没有中南大学,2023-05-31,3,来自湖南,中性
此一时，彼一时。,2023-05-31,0,来自安徽,中性
东大的文科？？,2023-05-31,0,来自贵州,中性
北方交大和北师大分数这么接近啊[doge],2023-05-31,0,来自山西,中性
99年已经开始扩招了，相对简单了,2023-05-31,0,来自吉林,中性
我就知道99年的分数降了！！！烦人，98年高考的最冤！！！,2023-05-31,0,来自北京,消极
参加97高考的路过[偷笑],2023-05-31,0,来自浙江,中性
那时候江苏理工和无锡轻工业、苏州大学、扬州大学分数都差不多，现在学校的热度和城市发展水平挂钩了，苏州＞无锡＞扬州=镇江,2023-05-31,0,来自吉林,中性
湘潭大学文科比清华都高[苦涩],2023-05-31,0,来自湖南,中性
06的来看一眼[doge],2023-05-31,0,来自江苏,中性
那会还有白求恩医科大学 现在已经并到吉大了,2023-05-31,0,来自北京,中性
啊我577放到当时岂不是薄纱[泪],2023-05-31,0,来自河北,消极
我93年高考，500多分，没考上[泪]。后来有一所新办的大学说490以上，出3000元的赞助可以去，家里没钱，只好出门打工[苦涩],2023-05-31,0,来自湖北,中性
对比一下现在，几十年来学校慢慢拉开了档次,2023-05-31,0,来自辽宁,中性
上海医科大学[打call][打call][打call][打call],2023-05-31,0,来自上海,中性
居然还有我母校，分数还挺高，没落了呀[允悲],2023-05-31,1,来自内蒙古,中性
我就是99级的，同年高考,2023-05-31,0,来自四川,中性
99年的时候我刚上初中，在校园里闲逛看到了东南大学的招生海报，当时我想哎我以后要考这个学校。6年后果然就考上了[doge][doge],2023-05-31,0,来自江苏,中性
竟然还有我的母校，石家庄铁道学院，分数暴打多少211啊，[doge][doge][doge],2023-05-31,0,来自河北,中性
那时候我还在上高中[允悲],2023-05-31,0,来自北京,中性
这感慨什么现在的分跟过去的分一样,2023-05-31,0,来自河南,消极
那年，我浙还没北体高,2023-05-31,0,来自浙江,中性
那时候还是统一考卷吧？后来好多独立命题，保护自己,2023-05-31,0,来自福建,中性
咋没看到郑大,2023-05-31,0,来自河南,消极
那一年我才8岁，还做着长大了当科学家的梦。而二十多年后的我，俨然离科学家远之又远，只能普普通通当个小学老师[苦涩],2023-05-31,0,来自山西,消极
很多高校都合并了…白求恩医科大，好听的名字。变成吉林大学了,2023-05-31,0,来自江苏,中性
那一年开始扩招了,2023-05-31,0,来自上海,中性
东大那时候跟南大差不多分数。,2023-05-31,0,来自上海,中性
我我我一岁[裂开],2023-05-31,0,来自吉林,中性
每个省份的计分不同，总分也不一样，那年我们胡建是标准分来着，我就是那年高考的[doge][汗],2023-05-31,1,来自福建,中性
大连海事现在废了,2023-05-31,0,来自上海,积极
我南林一泻千里,2023-05-31,0,来自浙江,积极
北京户口上北京清华大学需要难道高分吗？,2023-05-31,0,来自福建,中性
那时候文科分比理科低[泪]为什么现在文科比理科高那么多啊[泪],2023-05-31,0,来自吉林,中性
图片评论 http://t.cn/A6pys6vZ,2023-05-31,0,来自甘肃,中性
老八校！！！,2023-05-31,0,来自陕西,中性
2003年的更低[哈哈],2023-05-31,0,来自广东,中性
当年河南还是标准分呢[哈哈],2023-05-31,0,来自重庆,中性
清华565，徐州医学院563。。。。。,2023-05-31,1,来自广西,中性
好像不全啊,2023-05-31,0,来自江苏,积极
我99年出生,2023-05-31,0,来自山西,中性
北京科技大学，因为名字改的好，分数就是高,2023-05-31,0,来自广东,中性
那时候南理工还算个好学校哩,2023-05-31,0,来自江苏,中性
清北那一年遭遇空档？,2023-05-31,0,来自江苏,消极
当年的考分都超青北了，录取的学校却不是[允悲],2023-05-31,0,来自陕西,中性
各有各难吧，当年是信息不通达，现在是信息爆炸,2023-05-31,0,来自江西,消极
南京大学当时是神一般的存在啊[doge],2023-05-31,1,来自江苏,中性
@fffoooddd藤 如果能够穿越，那我们也是风华正茂了[泪],2023-05-31,0,来自辽宁,中性
那年我9岁，啥都不懂,2023-05-31,0,来自江苏,中性
转发微博,2023-05-31,0,来自浙江,中性
主要是满分是多少？,2023-05-31,0,来自山东,中性
时间来到 1996 年，我以 712 分的成绩上了一所中专。[允悲],2023-05-31,5,来自陕西,中性
波大以前这么强的么,2023-05-31,0,来自浙江,中性
看看当时的录取分数线，东南，西交，华理都比浙大分数高，更不要说南大，复旦这一类的了[笑cry][笑cry][哈哈],2023-05-31,0,来自上海,中性
高考数学是强项,2023-05-31,0,来自广东,中性
我是01届的，记得当年一本分数线好像是525,2023-05-31,0,来自江苏,中性
和我一届啊，报纸都黄了,2023-05-31,0,来自北京,消极
当年湖南二批本科495的分数线，我高2分进[doge],2023-05-31,0,来自湖南,中性
以前理科录取分比文科高，现在文科录取分比理科高[允悲],2023-05-31,0,来自江西,中性
江苏理工如今落寞成什么样子了[允悲],2023-05-31,0,来自江苏,消极
用我的分数，本可以上人大北大，但我现在却在川农[doge],2023-05-31,0,来自云南,消极
可见用分数线评判学校是没有价值的。。。。每个时期都会有变化。但是不变的是学校的底蕴与内涵,2023-05-31,0,来自江苏,中性
当时山大和烟大同分[doge][doge][doge]离谱,2023-05-31,0,来自四川,消极
[泪],2023-05-31,0,来自广东,中性
山东大学529 烟大528[汗][汗][汗],2023-05-31,0,来自山东,中性
信息不匹配导致的，我们那时候是先报志愿，后出分。可惜了很多高分孩子。,2023-05-31,8,来自山东,中性
那时候的辽宁工程技术大学如此厉害，现在却没落的这么快[悲伤],2023-05-31,2,来自吉林,消极
瞬间暴露年龄，两年后参加高考的[允悲],2023-05-31,0,来自江苏,中性
没有参考价值，那时候是估分报学校,2023-05-31,0,来自上海,中性
那个时候南工还是叫南京化工大学[笑cry],2023-05-31,0,来自江苏,中性
[赞],2023-05-31,0,来自四川,积极
当年我姑考了580多上的安师大[doge],2023-05-31,0,来自安徽,中性
所以说还是人太多了[喵喵],2023-05-31,0,来自山东,中性
99年刚出生啊[泪],2023-05-31,1,来自北京,中性
我是98年考的,2023-05-31,1,来自河北,中性
张老师03届[doge],2023-05-31,0,来自浙江,中性
那都是扩招后的线，以前教育水平没有现在高,2023-05-31,0,来自重庆,中性
哈尔滨建筑大学是哪个大学的前身啊,2023-05-31,0,来自浙江,中性
这么多医科大学已经被合并了,2023-05-31,0,来自江西,中性
。,2023-05-31,0,来自吉林,中性
汕头大学都有，我深大去哪了[doge],2023-05-31,0,来自广东,中性
这是高考改革扩招的第一年，基本还都是精英教育，学历的含水量比较低,2023-05-31,0,来自山东,中性
那一年的房价和现在也不可同日耳语，物价也是！！,2023-05-31,0,来自福建,消极
上外居然不招文科？,2023-05-31,0,来自北京,中性
人大分这么高[裂开],2023-05-31,0,来自陕西,中性
那时候 苏州大学和扬州大学分数线差不多 现在差距好大[二哈][二哈][二哈][二哈],2023-05-31,0,来自江苏,中性
哇，就是我高考那年！当年华北电力文科533，清华文科536[汗]，哇。,2023-05-31,0,来自北京,积极
华电自古就卷啊……,2023-05-31,0,来自江苏,中性
[允悲][允悲]那年我才两三岁,2023-05-31,0,来自江西,中性
难怪中国纺织大学要改名,2023-05-31,0,来自上海,中性
1999年是第一次扩招吧，98年高考的路过。,2023-05-31,0,来自上海,中性
我高考那一年，山东还是标准分的时候啊,2023-05-31,0,来自山东,中性
华中理工大学录取线还挺高的,2023-05-31,0,来自浙江,中性
那时候是不是还没有各种地方试卷,2023-05-31,0,来自浙江,中性
我超清华分数线2分，没敢填啊[允悲],2023-05-31,0,来自江苏,消极
医科都很高,2023-05-31,0,来自安徽,积极
那时候全是估分,2023-05-31,0,来自湖北,中性
同年高考，分数拿不出手啊[允悲],2023-05-31,0,来自辽宁,消极
我出生那天的报纸[老师好],2023-05-31,0,来自山东,中性
评论区可以看出关注张雪峰的不仅是要考研的孩子，还有围观群众呀，我是来看相声的[允悲],2023-05-31,0,来自山西,中性
99年，我们还叫西北轻工业学院 http://t.cn/A6pyeSWY,2023-05-31,1,来自陕西,中性
1999年8月12日我出生[泪][泪],2023-05-31,0,来自北京,中性
我们那时候填志愿时是不知道分数的，完全是自己凭感觉瞎填，如果是现在这个条件，起码也是个名牌[允悲],2023-05-31,0,来自湖北,中性
当年武测还没有并入武大  华中科技大学还叫华中理工大学,2023-05-31,4,来自湖北,中性
北方人对东南大学熟悉吗,2023-05-31,0,来自山西,中性
唉,2023-05-31,0,来自宁夏,消极
那年开始扩招,2023-05-31,0,来自广东,中性
泪目！江苏高考生，当年不敢填，那时候先填志愿再考试……,2023-05-31,0,来自江苏,中性
我就是那年高考的，重点线450，本科线421。,2023-05-31,0,来自北京,中性
大学畢業,2023-05-31,0,来自甘肃,中性
[doge],2023-05-31,0,来自北京,中性
我92年高考，556，东南大学12系录取。专业是调剂的[嘻嘻],2023-05-31,0,来自上海,中性
那时要估分报志愿，各科的赋分标准也不一样,2023-05-31,0,来自河南,中性
谢谢张老师 我就是这一届 先估分填志愿 再出高考成绩 填志愿跟开奖一样,2023-05-31,0,来自江苏,积极
差点考上山大[哆啦A梦害怕],2023-05-31,0,来自山东,消极
那时候的文科都比理科低好像就从我那一届文科比理科分高了[允悲],2023-05-31,0,来自江苏,中性
那时候先填志愿再出成绩吧,2023-05-31,0,来自江苏,中性
宁波大学，出道便是巅峰[笑cry],2023-05-31,0,来自浙江,中性
[求饶],2023-05-31,0,来自浙江,中性
那年我刚上高一,2023-05-31,0,来自湖南,中性
那时候还有山东医科大学，分数线前几名，比山大还高,2023-05-31,0,来自山东,中性
东北的高校，我勒个去，这分数[给力],2023-05-31,0,来自辽宁,中性
99级上大学的我.真想重新活一遍。,2023-05-31,0,来自重庆,消极
早知道当年报清华了！,2023-05-31,0,来自贵州,中性
看到母校啦燕大[色],2023-05-31,0,来自广东,中性
分数线比湖南低很多，我575在湖南只能勉强上湖大,2023-05-31,0,来自广东,中性
哈工大，理工类546捡漏了,2023-05-31,0,来自广东,中性
99年我们山东是标准分[允悲],2023-05-31,0,来自山东,中性
98的路过[太开心],2023-05-31,0,来自上海,积极
猫腻很多。别以为达到就能录取,2023-05-31,0,来自辽宁,消极
转发微博,2023-05-31,0,来自上海,中性
南京大学比清华大学分高，太抽象了,2023-05-31,0,来自江苏,中性
这已经是扩招的了，翻翻98年的，分数比这个高，,2023-05-31,0,来自上海,中性
那一年去入学报到，华中理工大学还是我们的隔壁邻居，没想到第二年………,2023-05-31,0,来自安徽,中性
那时候适合创业[允悲],2023-05-31,0,来自安徽,中性
[可怜],2023-05-31,0,来自云南,消极
那时候信息闭塞，很多人都遗憾报错志愿,2023-05-31,3,来自河北,中性
我记得估分最牛的同学，预估580，实际581，去了南航,2023-05-31,0,来自江苏,中性
南京大学居然比清华大学高分哎[嘻嘻]99年已经是第一次扩招了，大学好考很多了……,2023-05-31,0,来自广东,中性
谢谢存一下，高考那年[嘻嘻],2023-05-31,0,来自北京,中性
偶当年在山东济南考的，那里实行标准分707，换算成卷面分607，好像在江苏每一所都能上。结果志愿报坑里去了，上了个三志愿山东建筑工程学院。人生第一次大的挫折。,2023-05-31,0,来自北京,中性
确实，感慨万千,2023-05-31,0,来自陕西,消极
死去的回忆又开始攻击我[汗],2023-05-31,0,来自北京,消极
那年高考的同学毕业时又遇上非典，临近毕业被关在学校，找工作又失去了不少机会。还好那时正好遇上国家经济蓬勃发展，不像现在毕业就失业。,2023-05-31,4,来自江苏,中性
553，只敢报二本,2023-05-31,0,来自江苏,中性
这一年是第一次实行标准分，跟以往和以后都不同的,2023-05-31,0,来自广东,中性
我舅舅 好像是这一年 读的东南大学。,2023-05-31,0,来自四川,中性
这时候我还没上幼儿园[伤心],2023-05-31,0,来自山西,消极
我那年江苏大综合，什么都要考，历史唯一一次,2023-05-31,0,来自江苏,中性
现在的录取分数都是文科高于理科了[允悲]，分数也越来越卷了[doge]。,2023-05-31,0,来自甘肃,中性
江苏98年考的，志愿考前自己瞎填的，全选服从分配。最终结果还算好，服从分配去了东北一本[允悲]。就是路太远了，单趟火车26H[泪],2023-05-31,0,来自上海,积极
我擦 西建当时分数这么高吗[笑cry],2023-05-31,0,来自陕西,消极
我是01年江苏高考，那年一本文科投档线是525，南师大是532吧，南大是570，我一发小575去了南大法律系，那时南财大还是505在二本录取。时光荏苒啊。,2023-05-31,0,来自江苏,中性
我就是这一年高考[doge],2023-05-31,0,来自广西,中性
首都大分数这么高呢,2023-05-31,0,来自北京,中性
地域性如此明显,2023-05-31,0,来自北京,消极
99年开始大批扩招，98年才录取108万，升学率才34%[思考][允悲],2023-05-31,0,来自重庆,中性
没有啥感慨,2023-05-31,0,来自四川,消极
我高考那年，搞了神奇的先考后填再出分，导致很多学生（尤其文科生，估分时容易大幅保守）不敢往上填，一流大学普遍录不足高分生。看那年清华北大的文科录取分就知道了。,2023-05-31,0,来自江苏,中性
我去，哦可以上北大啦[笑cry]可惜生错了年代[笑cry],2023-05-31,0,来自北京,中性
江苏那两年好像总分是710,2023-05-31,0,来自上海,中性
是我那年，真是时光如梭啊,2023-05-31,0,来自河南,中性
那个时候能走到大学这一步，也算一个真的勇士了。,2023-05-31,0,来自湖北,积极
98年我本科毕业了[泪],2023-05-31,0,来自上海,中性
我刚刚出生[允悲],2023-05-31,0,来自湖南,中性
我上大学的那一年，估分后填志愿，完全是盲填，没有那么多套路，满满都是回忆,2023-05-31,0,来自江苏,中性
那年江苏本一投档546...感慨万千，那年清华北大的投档线低到离谱，那年的医科还是很高的...我就是那年高考的[允悲][允悲][允悲],2023-05-31,0,来自广东,消极
99年扩招了，分数线比98年低了好多。,2023-05-31,0,来自江苏,中性
没想到山东医科大学曾经投档线竟然能达到596[允悲],2023-05-31,0,来自山东,中性
分数线不是重点，重点是，先填报志愿，然后才出成绩。最难的是估分。,2023-05-31,0,来自北京,消极
山东医科大高清华70分,2023-05-31,0,来自贵州,中性
当时有个同事的儿子考了复旦，原来比清北的分数还高啊[偷笑],2023-05-31,0,来自江苏,中性
之后的几年好像涨了不少，87年生育顶峰学生巨多，我们黑龙江06年高考清华好像是670左右。,2023-05-31,1,来自广东,中性
这么一看，我当年还是非常牛逼的[允悲][允悲],2023-05-31,0,来自北京,积极
山东大学威海分校，我的母校[嘻嘻][嘻嘻][嘻嘻],2023-05-31,0,来自河北,中性
那时候还有中国金融学院,2023-05-31,0,来自江苏,中性
那时候北大分数线居然还没南大高,2023-05-31,0,来自上海,中性
比清北录取分数高的院校好多呀[允悲],2023-05-31,0,来自广东,中性
那时最后一次3+2，第一次考后估分填报志愿，大多数分都估低了，不敢填，当年的经历忘不了,2023-05-31,0,来自上海,中性
哈哈江苏省，下一年我参加了高考,2023-05-31,0,来自江苏,积极
正是我那一届。。。自己知道分数[泪]先填志愿的,2023-05-31,0,来自江苏,中性
志愿就洗牌分数,2023-05-31,0,来自江苏,中性
是我高考那年[允悲],2023-05-31,0,来自黑龙江,中性
不爱出省啊,2023-05-31,0,来自北京,消极
99年理科考了571分，估分填志愿，啥也不懂[允悲],2023-05-31,0,来自浙江,中性
这一年是出分再填写志愿的,2023-05-31,2,来自江苏,中性
医科大学普遍较高。。。。[打call][围观][哈哈],2023-05-31,0,来自甘肃,中性
江苏的考生蛮难的,2023-05-31,0,来自江苏,中性
这分数线也不低啊[允悲],2023-05-31,0,来自湖南,中性
97年山东，561理科刚到专科线，记得是实行的标准分制，本科好像得600分以上,2023-05-31,0,来自山东,中性
看分数线感觉现在就是分数通胀。[doge],2023-05-31,0,来自河南,中性
烟大烟大凭啥和武大 川大山大比啊？,2023-05-31,0,来自上海,中性
我,2023-05-31,0,来自浙江,中性
[doge]那时候就是瞎报，喜欢小动物报了生物类，上了学发现生物类没有小动物哇哈哈哈[允悲],2023-05-31,11,来自辽宁,中性
啥也不想说，唉[并不简单],2023-05-31,0,来自山东,消极
清华理科565分亮了,2023-05-31,0,来自浙江,中性
现在卷成这样,2023-05-31,0,来自上海,中性
那年我大四，记得还去迎新,2023-05-31,0,来自上海,中性
我的母校东北石油大学（大庆石油学院）这么多年了分数线好像没啥变化啊，我上大学那年是550分，2011年,2023-05-31,0,来自黑龙江,中性
唉，当年中科大在江苏比清北都是高的,2023-05-31,0,来自安徽,消极
坐标山东，99年高考，604上了一个专科，通过专升本又上的本科。,2023-05-31,0,来自山东,中性
有河南的99年高考分数线吗,2023-05-31,0,来自河南,中性
石家庄铁道学院 那时候分好高,2023-05-31,1,来自广东,中性
哈工大547[doge],2023-05-31,0,来自黑龙江,中性
1999年，山东高考实行标准分，哎，说起来都是泪。,2023-05-31,0,来自山东,中性
那年我577分[笑cry],2023-05-31,0,来自浙江,中性
湘潭大学比湖大分数还高[允悲],2023-05-31,0,来自湖南,中性
再也回不去了,2023-05-31,0,来自山东,消极
遗憾 没有提前录取线,2023-05-31,0,来自北京,消极
真卷啊，记得我当年高考，江苏本一分数线就575了,2023-05-31,0,来自安徽,中性
这么看哈工大和哈工程也相差无几,2023-05-31,0,来自山东,中性
老公99年从河北高考，620分上北师大[汗]，无缘清北了，我98年高考，没扩招，510分在辽宁只上了个专科，最遗憾的就是没复读一年了[允悲][允悲][允悲],2023-05-31,7,来自辽宁,中性
我毕业的那一年[抱抱][抱抱][抱抱]！转眼青葱少年变成了中年阿姨,2023-05-31,0,来自北京,中性
我老公数学这科考砸了，但还是裸分考了628，上了浙大，原本就是浙大保送，可他目标一直是TOP那档，可惜了,2023-05-31,13,来自浙江,中性
转发微博,2023-05-31,0,来自河北,中性
学医原来已经卷了这么多年了，徐州医学院作为一个双非99年的时候就比矿大分高了[允悲],2023-05-31,0,来自北京,中性
对啊，我是91的上海，当时最高的是复旦世界经济吧，协和齐平，上外上财录取与复旦相差无极，外地很吃香的中科大，在上海因为挣钱不多，f会降分录取,2023-05-31,0,来自上海,中性
[doge],2023-05-31,0,来自辽宁,中性
98年高考的路过,2023-05-31,9,来自北京,中性
沉迷手机+智能AI+互联网+数字经济都是5G高科技白痴三枉活鬼成鬼=#灵魂献祭西方文化#！首拓手丹+智品DI+易丹态+汉字经济才是0D软生机品者三宁活仁成仁=#灵魂丹升东土人文#！ #300_元起人文道义援手#手机秒变手丹的天机态动，让自己及儿孙父母早日活0D态始仁境福财=#华夏三千年来代代龙梦今古态代态现#！,2023-05-31,0,来自宁夏,消极
你找到93年的看看，分巨低,2023-05-31,0,来自辽宁,中性
那时候是先填志愿后高考才出分。,2023-05-31,2,来自北京,中性
98年，623，上了华中理工,2023-05-31,0,来自江苏,中性
我也99，江苏文科考生，那年数学难死,2023-05-31,1,来自浙江,中性
我高考那年……,2023-05-31,0,来自安徽,中性
清华分数线比南大低，还是挺神奇的[允悲],2023-05-31,0,来自广东,中性
厉害,2023-05-31,0,来自福建,积极
那个时候政法类的分数高[费解],2023-05-31,0,来自埃及,中性
辽宁工程技术大学[允悲]我……哭了,2023-05-31,5,来自辽宁,消极
刚开始扩招，我99年到湖南师大,2023-05-31,0,来自湖南,中性
我的思路可能有点清奇：当年到底有多少考生在546这个分数？江西财经居然和这么多牛校肩并肩？！,2023-05-31,3,来自黑龙江,中性
现在的本科不如那时的专科[doge],2023-05-31,0,来自江苏,中性
放眼望去，一个河南的都没有[色],2023-05-31,0,来自河南,中性
好怪，lnu1948就建校了，但里面没有诶，难道以前不是本科院校？还是以前不叫这名？,2023-05-31,0,来自辽宁,中性
94年，山东按地区划线，提前一个多月报志愿，那时7月份考试[笑cry][笑cry],2023-05-31,0,来自山东,中性
[跪了]中南工大属实没牌面，分数线还不如湘潭大学,2023-05-31,0,来自湖南,消极
那年是清华的小年……,2023-05-31,0,来自山东,中性
理科羡慕哭了吧,2023-05-31,0,来自湖北,积极
我就知道我以前考完试被叫回学校，给我们发答案叫我们自己估分，我们都是考试的时候把选择题答案抄橡皮上带出来估分用[允悲]然后再给我们发一堆报纸叫我们拿回去看看报志愿，两眼摸黑全都不认识，就看看学校名字专业和往年分数线，对比着自己估出来的大概分数反正就这么瞎报[汗],2023-05-31,0,来自陕西,消极
那时候我还上不了我们矿大[笑cry],2023-05-31,0,来自新疆,消极
中大“没落”了……,2023-05-31,0,来自广东,消极
老百姓这是投入了多少教育资源，才让现在的分数变得那么高[允悲],2023-05-31,0,来自内蒙古,中性
🤔,2023-05-31,0,来自新疆,中性
江苏理工大学[抱抱],2023-05-31,0,来自江苏,中性
以前我扬大的分数线对标苏大矿大江南一众211，现在呢[哆啦A梦害怕],2023-05-31,0,来自江苏,中性
当年中大理科一本线591比清北都高呀。。。。。。现在差距越来越大，反而文科越来越偏，理科有点后继无力，除了医学哈[允悲][允悲],2023-05-31,0,来自广东,中性
我刚出生[允悲],2023-05-31,0,来自浙江,中性
我们波波那么强么[泪],2023-05-31,0,来自安徽,中性
一看浙大分数比上海交大低那么多，还很纳闷，仔细一看清北，发生了啥？[doge],2023-05-31,0,来自江苏,中性
徐医当年这么高的嘛,2023-05-31,0,来自江苏,中性
说明了啥？[摊手],2023-05-31,0,来自福建,中性
东南大学好牛[哇],2023-05-31,0,来自广东,积极
那只是投档线，好专业要比投档线高很多，30分都不止,2023-05-31,0,来自江苏,中性
扩招第一年？,2023-05-31,0,来自山东,中性
江财[打call][打call],2023-05-31,0,来自江西,中性
哎呀，收藏了，就是我高考那一年哈，录取这上头的头一所，哟嘿,2023-05-31,0,来自海外,中性
我得母校南邮[抱抱],2023-05-31,0,来自甘肃,中性
这分数似乎比广东还低一些。,2023-05-31,0,来自广东,消极
@张雪峰老师 张老师好，如何购买志愿卡,2023-05-31,0,来自北京,中性
99年上大学的来报道[嘻嘻],2023-05-31,0,来自福建,中性
看到我母校了！就是这哈工大分数咋回事啊？是南方人不认么[允悲],2023-05-31,0,来自黑龙江,消极
为何当时理科分数线高于文科？,2023-05-31,2,来自河南,中性
你感慨个啥啊你感慨，能闭嘴吗,2023-05-31,0,来自中国香港,消极
清华565北大584，我考了592上了个破南理工，血亏啊,2023-05-31,7,来自江苏,消极
东北农大比哈工大分高[允悲][允悲][允悲],2023-05-31,1,来自贵州,消极
估分的年代,2023-05-31,0,来自江苏,中性
99年我糊里糊涂就上了大学[污][污],2023-05-31,0,来自四川,中性
同济赢麻了,2023-05-31,1,来自山东,积极
我哥是这一年的大连理工，读的自动化,2023-05-31,1,来自江苏,中性
没想到当时扬大分数这么高[允悲],2023-05-31,0,来自江苏,中性
扬子晚报吗？[举手],2023-05-31,1,来自上海,中性
中国政法理科居然能收到全图最高分之一[awsl],2023-05-31,0,来自北京,中性
我高考那年[允悲],2023-05-31,0,来自上海,中性
沈阳农业大学,2023-05-31,2,来自辽宁,中性
北体比浙大还高？？？[打脸][打脸][打脸],2023-05-31,0,来自浙江,中性
医科大学普遍分数线好高[哆啦A梦害怕],2023-05-31,10,来自湖北,中性
那时候为什么文科录取线比理科低啊？,2023-05-31,0,来自四川,中性
北大清华也不好使，不去南大东大，还有就是中科大永远是硬通货,2023-05-31,0,来自广东,中性
中山医 都成为历史了,2023-05-31,0,来自广东,积极
不太懂，东南大学文科比复旦同济都高很多,2023-05-31,12,来自天津,消极
湘潭大学当时湖南乱杀[doge],2023-05-31,2,来自湖南,消极
上医最高[偷笑],2023-05-31,0,来自上海,中性
后来就是先出分数名次再填志愿，清华北大顺利掐尖，成为这个政策的最大受益者。//@ETF微光:第一次考后报志愿，学霸都估分不高，比较前一年录取线，都不敢报清北//@程晨辰陈:那时候清华分数线这么低吗,2023-05-31,2,来自广西,中性
理科比文科高？,2023-05-31,1,来自广东,中性
竟然还有我学校,2023-05-31,0,来自湖南,中性
时代的变迁,2023-05-31,0,来自吉林,中性
这时候还没出生,2023-05-31,0,来自上海,中性
青岛海洋大学啊！[泪],2023-05-31,0,来自湖南,中性
南京气象学院 [doge]一个被雪崩老师cue过n次的学校,2023-05-31,0,来自北京,中性
烟大那么高？[喵喵],2023-05-30,0,来自山东,中性
99年高考，山西考生，文科550分，志愿没填好！后悔啊！[泪][泪][泪],2023-05-30,0,来自陕西,消极
那时候几乎没有985211的概念[赞],2023-05-30,1,来自江苏,中性
没上过高中，不了解大学。但是上海医科大学的分好高呀，还有就是哈工大和哈工程只差一分,2023-05-30,0,来自新疆,中性
那一年的586，都是泪啊,2023-05-30,0,来自江西,中性
我那一年[心],2023-05-30,0,来自上海,中性
99年我上四年级,2023-05-30,0,来自吉林,中性
99年的湖北考生路过，投档线普遍比湖北的低,2023-05-30,0,来自湖北,中性
好家伙…这一年…我还没出生,2023-05-30,0,来自山东,中性
上海的大学牛B，理科6字头,2023-05-30,0,来自上海,中性
东北师范大学！！！[拳头][拳头][拳头],2023-05-30,0,来自吉林,中性
[笑cry]还没出生,2023-05-30,0,来自江苏,中性
考得好不如生的早,2023-05-30,0,来自北京,中性
清华为什么那么低？,2023-05-30,0,来自河北,中性
分这么低，不知道满分是多少,2023-05-30,0,来自上海,消极
那时候北交还是很牛逼的,2023-05-30,0,来自北京,中性
哈哈哈，那会我大三了。。。真是，往事只能回味,2023-05-30,0,来自江苏,积极
[doge],2023-05-30,0,来自湖南,中性
中国医555,2023-05-30,0,来自辽宁,中性
那年我高二,2023-05-30,0,来自江苏,中性
中国金融学院？,2023-05-30,0,来自福建,中性
怎么样 http://t.cn/A6pyWfzM,2023-05-30,0,来自山西,中性
我当年浪费了几十分啊[苦涩],2023-05-30,0,来自江苏,中性
南大，东南,2023-05-30,0,来自江苏,中性
原来当时的理科分数比文科的要高呀！[doge][doge],2023-05-30,2,来自广东,中性
卧槽，我就是99年江苏省高考生[泪],2023-05-30,0,来自广东,中性
我当年这个中专招生计划，计算机真是热门专业[哈哈] http://t.cn/A6pyOTrR,2023-05-30,0,来自广东,中性
怎么样？ http://t.cn/A6pyOOG3,2023-05-30,4,来自山西,中性
有96年的么……,2023-05-30,0,来自江苏,中性
那时候哈尔滨的学校都好牛啊[允悲],2023-05-30,0,来自辽宁,中性
那一年我在黑龙江参加高考，数学考完就觉得完蛋了，勉勉强强压线走的本科。,2023-05-30,1,来自天津,中性
那一年，我压临床线进南医。现在感慨万千，当年我们同学很多都是南大的料，因为第一年考后填志愿，都不敢报，来了南医。后来我们大三那年的六级通过率超过了97届，考研很多同学去了上海，为了弥补高考的时候的遗憾。现在在上海的三甲都有了很好的发展。,2023-05-30,31,来自江苏,积极
雪峰老师要卖雪峰山泉了[doge],2023-05-30,0,来自江苏,中性
江苏的考生比较恋家[允悲],2023-05-30,1,来自江苏,中性
98年湖北 560多，二本,2023-05-30,1,来自上海,中性
为啥海事比大工分还高[允悲],2023-05-30,0,来自辽宁,中性
那时候是填完志愿才考试的，非常看脸。,2023-05-30,0,来自江苏,中性
[允悲]那会的江苏理工啊 还是比江南大学苏州大学比了下去。。。现在差距不小了,2023-05-30,0,来自江苏,中性
那时候理科分数线更高,2023-05-30,1,来自辽宁,中性
俺是99年高考的，大河北，本科线510，俺却考了509分[泪],2023-05-30,45,来自内蒙古,中性
南京气象学院,2023-05-30,1,来自江苏,中性
我上外分真高啊[doge],2023-05-30,12,来自江苏,中性
我考理科521[泪],2023-05-30,0,来自北京,中性
河南果然是高教荒漠[doge],2023-05-30,82,来自河南,中性
99年能考上大学的，人中龙凤啊。那时候大学漏子都值钱。,2023-05-30,316,来自北京,中性
吉林好多好大学，被吉大毁了[doge],2023-05-30,24,来自吉林,消极
那一年清华大学第一年招文科生，大家都不敢报。那一年理科数学特别难，好多同学考完就哭了，一向数学很好的弟弟才考了九十多分，然后又是第一年扩张，不愿意花父母的钱为此与心意的大学失之交臂，当时鼓励再复读一年也不愿意，现在想起来还是很遗憾的。,2023-05-30,125,来自江苏,消极
[求饶][求饶][求饶],2023-05-30,0,来自内蒙古,消极
那个时候理科比文科分数线高，现在反过来了,2023-05-30,0,来自河南,中性
我就是1999参加高考的，考后自己对答案估分，我一个文科生填的是左边第六个学校，那时在农村没人指导自己瞎填的[允悲],2023-05-30,20,来自江苏,中性
湘潭大学诶,2023-05-30,0,来自湖南,中性
当年我们山东济南分数最低，其次是青岛，烟台，威海潍坊分数应该很高。,2023-05-30,0,来自山东,中性
当初志愿 哎,2023-05-30,0,来自江苏,中性
清北怎么回事。,2023-05-30,0,来自江苏,消极
这一年还是第一次大学扩招,2023-05-30,1,来自江苏,中性
其实这张报纸上说的“普通高校”才是这个词的正确含义，张老师自己也多次提到“普通高校”这个词，但表达的并不是这个词真正的含义，普通是和特殊相对的，不是和高档相对的。,2023-05-30,37,来自天津,中性
[喵喵]只有三个学校不招理科生,2023-05-30,3,来自山东,中性
这才是真一本,2023-05-30,13,来自安徽,积极
我99届，山东考生，529分，未达到本科线[泪],2023-05-30,0,来自广东,中性
我出生那年[衰],2023-05-30,3,来自河北,中性
分数低啊[摊手],2023-05-30,0,来自河北,中性
大庆石油，下降的做的火箭吧[允悲],2023-05-30,1,来自黑龙江,消极
当时中海洋还叫青岛海洋大学,2023-05-30,5,来自山东,中性
是 那年初二 还没从巴西输球中走出来,2023-05-30,1,来自北京,中性
大庆石油学院分真高[泪],2023-05-30,0,来自黑龙江,中性
99年我七岁 上一年级,2023-05-30,0,来自河南,中性
清华北大比南大分数低啊,2023-05-30,0,来自浙江,中性
就是我们那年，心好痛，考了567，能上的大学好多，志愿没填好[允悲],2023-05-30,611,来自浙江,消极
那时候还有白求恩医科大学……,2023-05-30,0,来自吉林,中性
[哈哈],2023-05-30,0,来自天津,中性
那个时候我们学校名字里还有文化两个字,2023-05-30,37,来自江苏,中性
清华大学,2023-05-30,0,来自上海,中性
那年的湘潭大学啊[允悲],2023-05-30,7,来自湖南,中性
清华  536 565 [doge],2023-05-30,0,来自甘肃,中性
时光容易把人催，红了樱桃，绿了芭蕉[苦涩][苦涩],2023-05-30,1,来自吉林,中性
首评[打call],2023-05-30,0,来自黑龙江,中性
那时我三年级[允悲],2023-05-30,0,来自山东,中性
那时候清华分数线这么低吗,2023-05-30,283,来自湖北,中性
这一批学生毕业的时候，我刚上大一。。。。,2023-05-30,1717,来自江苏,中性
哈哈哈哈哈哈哈哈哈哈沙发,2023-05-30,1,来自山东,积极
